"id","ejercicio","grupo_anterior","grupo_corregido","musculos_secundarios","criterio","fuente"
"048f0d34-855e-4bff-ff32-a2d851a8757d","Cruce de Poleas Alto","pectoral","pectoral","","Mapa anatómico exacto y énfasis principal de los músculos de origen.","https://smartworkout.app/es/biblioteca-ejercicios/pecho/cruce-de-poleas-alto"
"04bb3bb4-e60d-4122-b1a6-771c2a4a5b59","Flexión Completa de Muñeca","pectoral","antebrazo","pectoral;triceps;hombros;abdomen;oblicuos","Variante con apoyo invertido dirigida a muñecas y antebrazos.","https://smartworkout.app/es/biblioteca-ejercicios/pecho/flexion-completa-de-muneca"
"07747821-38bb-4522-9f6b-b4ae4abf2282","Press de Banca en el Suelo","pectoral","pectoral","antebrazo;triceps","Mapa anatómico exacto y énfasis principal de los músculos de origen.","https://smartworkout.app/es/biblioteca-ejercicios/pecho/press-de-banca-en-el-suelo"
"09836cd3-2e26-4f4f-8147-8be5997661b5","Press de Pecho Bajo en Polea de Pie","pectoral","pectoral","triceps;hombros","Mapa anatómico exacto y énfasis principal de los músculos de origen.","https://smartworkout.app/es/biblioteca-ejercicios/pecho/press-de-pecho-bajo-en-polea-de-pie"
"10544e2e-3765-1ba9-b753-c9ccd60b06d4","Press Inclinado con Barra","pectoral","pectoral","triceps;hombros","Mapa anatómico exacto y énfasis principal de los músculos de origen.","https://smartworkout.app/es/biblioteca-ejercicios/pecho/press-inclinado-con-barra"
"11cbfb54-8f47-47a4-9ff5-8c98188d4015","Flexión de Superman","pectoral","pectoral","triceps;dorsales;abdomen;hombros;oblicuos","Mapa anatómico exacto y énfasis principal de los músculos de origen.","https://smartworkout.app/es/biblioteca-ejercicios/pecho/flexion-de-superman"
"15c51d26-076f-4ceb-8702-c15fdf3cb937","Fondos Coreanos","pectoral","pectoral","hombros;triceps","Mapa anatómico exacto y énfasis principal de los músculos de origen.","https://smartworkout.app/es/biblioteca-ejercicios/pecho/fondos-coreanos"
"18d649a8-769d-4722-837f-556903fe81ba","Press Inclinado con Poleas en Banco","pectoral","pectoral","triceps;antebrazo","Mapa anatómico exacto y énfasis principal de los músculos de origen.","https://smartworkout.app/es/biblioteca-ejercicios/pecho/press-inclinado-con-poleas-en-banco"
"199d1583-7187-407d-b15e-87d74b6fa9d1","Press de Pecho de Pie con Cable","pectoral","pectoral","triceps;hombros","Mapa anatómico exacto y énfasis principal de los músculos de origen.","https://smartworkout.app/es/biblioteca-ejercicios/pecho/press-de-pecho-de-pie-con-cable"
"20995c61-3541-47c8-be8d-e1db17c6bffc","Flexión de Nudillos","pectoral","pectoral","triceps;hombros;abdomen;oblicuos","Mapa anatómico exacto y énfasis principal de los músculos de origen.","https://smartworkout.app/es/biblioteca-ejercicios/pecho/flexion-de-nudillos"
"22223d93-39ce-4efc-a1f9-b008d4506834","Cruce de Poleas Alto de Rodillas","pectoral","pectoral","hombros;triceps","Mapa anatómico exacto y énfasis principal de los músculos de origen.","https://smartworkout.app/es/biblioteca-ejercicios/pecho/cruce-de-poleas-alto-de-rodillas"
"229f5259-a671-48c4-acd0-dd109e3744ab","Apertura Polea Unilateral","pectoral","pectoral","hombros","Mapa anatómico exacto y énfasis principal de los músculos de origen.","https://smartworkout.app/es/biblioteca-ejercicios/pecho/apertura-polea-unilateral"
"23d0b626-14b7-4114-82d6-44e25eb5c551","Flexión Jack","pectoral","pectoral","triceps;hombros;abductores;abdomen;gluteos;oblicuos;pantorrillas","Mapa anatómico exacto y énfasis principal de los músculos de origen.","https://smartworkout.app/es/biblioteca-ejercicios/pecho/flexion-jack"
"2a1d3932-f562-437a-a7d4-96539dff07a5","Boxeo con saco de boxeo","pectoral","cardio","pectoral;hombros;triceps;oblicuos;trapecio;abdomen;pantorrillas;dorsales;lumbares","Actividad cardiovascular: categoría Cardio; conservar los músculos implicados como secundarios.","https://smartworkout.app/es/biblioteca-ejercicios/pecho/boxeo-con-saco-de-boxeo"
"2aeaa882-143a-4f08-96c2-709627e3ae9d","Perro Boca Abajo de Pie","pectoral","pectoral","dorsales;triceps","Mapa anatómico exacto y énfasis principal de los músculos de origen.","https://smartworkout.app/es/biblioteca-ejercicios/pecho/perro-boca-abajo-de-pie"
"2d677a46-52c9-4daa-a391-477823fd68e5","Fondos en Plancha","pectoral","pectoral","hombros;triceps;lumbares;antebrazo;biceps;dorsales;abdomen;trapecio;gluteos;oblicuos;isquiotibiales","Mapa anatómico exacto y énfasis principal de los músculos de origen.","https://smartworkout.app/es/biblioteca-ejercicios/pecho/fondos-en-plancha"
"2eeb0124-8dd0-4ef4-a089-8ea9f5956d6a","Flexión profunda en barras paralelas","pectoral","pectoral","triceps;hombros","Mapa anatómico exacto y énfasis principal de los músculos de origen.","https://smartworkout.app/es/biblioteca-ejercicios/pecho/flexion-profunda-en-barras-paralelas"
"30fcbd6b-3369-4772-bcfa-05d9b7d52be5","Aperturas inclinadas con mancuernas","pectoral","pectoral","hombros","Mapa anatómico exacto y énfasis principal de los músculos de origen.","https://smartworkout.app/es/biblioteca-ejercicios/pecho/aperturas-inclinadas-con-mancuernas"
"32e2dcf3-923f-4aea-a276-a4c2f9236d43","Flexión a un Brazo","pectoral","pectoral","triceps;hombros;abdomen;oblicuos","Mapa anatómico exacto y énfasis principal de los músculos de origen.","https://smartworkout.app/es/biblioteca-ejercicios/pecho/flexion-a-un-brazo"
"3f1cfc8c-a3e9-49db-b3d3-319d72fad15a","Fondos en paralelas","pectoral","pectoral","triceps;hombros","Mapa anatómico exacto y énfasis principal de los músculos de origen.","https://smartworkout.app/es/biblioteca-ejercicios/pecho/fondos-en-paralelas"
"41162b76-a99a-4188-88c3-7fd27abc78ce","Flexión de Escápulas","pectoral","pectoral","trapecio","Mapa anatómico exacto y énfasis principal de los músculos de origen.","https://smartworkout.app/es/biblioteca-ejercicios/pecho/flexion-de-escapulas"
"418cf18f-68ac-4314-a2bd-036487e78a2e","Apertura Baja con Mancuerna Unilateral","pectoral","pectoral","hombros;biceps","Mapa anatómico exacto y énfasis principal de los músculos de origen.","https://smartworkout.app/es/biblioteca-ejercicios/pecho/apertura-baja-con-mancuerna-unilateral"
"44a352b9-c532-4743-a47f-0d38aed169d2","Press con Macuernas Cerrado","pectoral","pectoral","triceps","Mapa anatómico exacto y énfasis principal de los músculos de origen.","https://smartworkout.app/es/biblioteca-ejercicios/pecho/press-con-macuernas-cerrado"
"45b2f349-b237-4a59-95e5-dca57f979930","Cruce de Polea Medio","pectoral","pectoral","hombros","Mapa anatómico exacto y énfasis principal de los músculos de origen.","https://smartworkout.app/es/biblioteca-ejercicios/pecho/cruce-de-polea-medio"
"47978a95-b7a5-4dcc-8034-9d301551f22c","Press Svend","pectoral","pectoral","hombros;triceps","Mapa anatómico exacto y énfasis principal de los músculos de origen.","https://smartworkout.app/es/biblioteca-ejercicios/pecho/press-svend"
"4eb45701-1c6d-46b7-a427-24f80a43837c","Press de mancuernas en el suelo","pectoral","pectoral","triceps;hombros","Mapa anatómico exacto y énfasis principal de los músculos de origen.","https://smartworkout.app/es/biblioteca-ejercicios/pecho/press-de-mancuernas-en-el-suelo"
"532b36c4-7a06-47c9-8264-0fa7b9a4e39e","Flexiones Declinadas","pectoral","pectoral","triceps;hombros","Mapa anatómico exacto y énfasis principal de los músculos de origen.","https://smartworkout.app/es/biblioteca-ejercicios/pecho/flexiones-declinadas"
"5d581dce-e35e-45cc-94eb-f9bb8103a455","Press Plano en Multipower","pectoral","pectoral","","Mapa anatómico exacto y énfasis principal de los músculos de origen.","https://smartworkout.app/es/biblioteca-ejercicios/pecho/press-plano-en-multipower"
"5e119ca8-0a32-4a06-bf8c-37940087361d","Press Larsen con Mancuernas","pectoral","pectoral","triceps;hombros","Mapa anatómico exacto y énfasis principal de los músculos de origen.","https://smartworkout.app/es/biblioteca-ejercicios/pecho/press-larsen-con-mancuernas"
"5f734d43-2eda-4fff-9399-f99a195b6ab3","Flexión negativa","pectoral","pectoral","triceps","Mapa anatómico exacto y énfasis principal de los músculos de origen.","https://smartworkout.app/es/biblioteca-ejercicios/pecho/flexion-negativa"
"61505ee2-7f37-fb06-2519-db3b9f20087d","Press Inclinado con Mancuernas","pectoral","pectoral","triceps;hombros","Mapa anatómico exacto y énfasis principal de los músculos de origen.","https://smartworkout.app/es/biblioteca-ejercicios/pecho/press-inclinado-con-mancuernas"
"61e81b56-9baa-4959-9cd1-12103a45cd58","Apertura de pecho con mancuernas en el suelo","pectoral","pectoral","hombros;biceps","Mapa anatómico exacto y énfasis principal de los músculos de origen.","https://smartworkout.app/es/biblioteca-ejercicios/pecho/apertura-de-pecho-con-mancuernas-en-el-suelo"
"62df860b-c893-4883-a66c-9b7be6a6bd63","Pullover con Barra","pectoral","dorsales","hombros;pectoral;triceps","Mapa anatómico exacto y énfasis principal de los músculos de origen.","https://smartworkout.app/es/biblioteca-ejercicios/pecho/pullover-con-barra"
"6548ec6b-8ab8-4866-8b80-e2b412937051","Pec Deck: Contractora de Pecho","pectoral","pectoral","hombros","Mapa anatómico exacto y énfasis principal de los músculos de origen.","https://smartworkout.app/es/biblioteca-ejercicios/pecho/pec-deck:-contractora-de-pecho"
"65500534-b8d9-4aee-a841-28b69a12cf58","Press Plano con Mancuernas Agarre Neutro","pectoral","pectoral","triceps","Mapa anatómico exacto y énfasis principal de los músculos de origen.","https://smartworkout.app/es/biblioteca-ejercicios/pecho/press-plano-con-mancuernas-agarre-neutro"
"68fd5792-ddb1-4b46-8842-3cd11b0d7e8b","Press Poliquin con Mancuernas","pectoral","pectoral","triceps;hombros","Mapa anatómico exacto y énfasis principal de los músculos de origen.","https://smartworkout.app/es/biblioteca-ejercicios/pecho/press-poliquin-con-mancuernas"
"69e26a9b-29bd-c232-8614-7985c1a70c15","Press Declinado con Barra","pectoral","pectoral","triceps","Mapa anatómico exacto y énfasis principal de los músculos de origen.","https://smartworkout.app/es/biblioteca-ejercicios/pecho/press-declinado-con-barra"
"6a602b98-88ce-feb2-ac46-4bc607125fd7","Flexiones","pectoral","pectoral","triceps;hombros","Mapa anatómico exacto y énfasis principal de los músculos de origen.","https://smartworkout.app/es/biblioteca-ejercicios/pecho/flexiones"
"6ae119ae-5a82-47d2-b0c1-dc5a0ca91403","Cruce de Poleas Medio en Banco","pectoral","pectoral","hombros","Mapa anatómico exacto y énfasis principal de los músculos de origen.","https://smartworkout.app/es/biblioteca-ejercicios/pecho/cruce-de-poleas-medio-en-banco"
"6d3741e2-2457-4505-a63c-324dc272d77c","Press de Pecho con Banda en Banco","pectoral","pectoral","triceps;hombros","Mapa anatómico exacto y énfasis principal de los músculos de origen.","https://smartworkout.app/es/biblioteca-ejercicios/pecho/press-de-pecho-con-banda-en-banco"
"6f75f48b-6a78-4882-b193-20e1e63f1df8","Press Inclinado con Mancuernas Agarre Neutro","pectoral","pectoral","triceps","Mapa anatómico exacto y énfasis principal de los músculos de origen.","https://smartworkout.app/es/biblioteca-ejercicios/pecho/press-inclinado-con-mancuernas-agarre-neutro"
"70a233fc-676d-41bf-9d12-17acba3e004e","Flexiones en Anillas de Rodillas","pectoral","pectoral","triceps;hombros","Mapa anatómico exacto y énfasis principal de los músculos de origen.","https://smartworkout.app/es/biblioteca-ejercicios/pecho/flexiones-en-anillas-de-rodillas"
"72a1cffa-0b27-4294-a558-d4f0580deb58","Apertura de Pecho con Banda","pectoral","pectoral","","Mapa anatómico exacto y énfasis principal de los músculos de origen.","https://smartworkout.app/es/biblioteca-ejercicios/pecho/apertura-de-pecho-con-banda"
"73928937-811c-4f7a-967e-517e9ea509d9","Press de Pecho en Polea Declinado","pectoral","pectoral","triceps;hombros","Mapa anatómico exacto y énfasis principal de los músculos de origen.","https://smartworkout.app/es/biblioteca-ejercicios/pecho/press-de-pecho-en-polea-declinado"
"73fe2fc2-e53c-4fbc-b137-1d02540c56ee","Estiramiento dinámico de hombros con banda elástica","pectoral","hombros","pectoral","Movilidad y estiramiento de hombros.","https://smartworkout.app/es/biblioteca-ejercicios/pecho/estiramiento-dinamico-de-hombros-con-banda-elastica"
"759f1cc2-ab13-43ea-81b2-3ad0d361be37","Apertura de Pecho en Suspensión","pectoral","pectoral","hombros;triceps","Mapa anatómico exacto y énfasis principal de los músculos de origen.","https://smartworkout.app/es/biblioteca-ejercicios/pecho/apertura-de-pecho-en-suspension"
"774184ce-93a6-4250-910c-ffcca26e601f","Press de Spoto","pectoral","pectoral","triceps;hombros","Mapa anatómico exacto y énfasis principal de los músculos de origen.","https://smartworkout.app/es/biblioteca-ejercicios/pecho/press-de-spoto"
"781a637f-61a2-4fd9-adf6-2578f7bc1f45","Press de Banca con Barra y Cadenas","pectoral","pectoral","triceps;hombros","Mapa anatómico exacto y énfasis principal de los músculos de origen.","https://smartworkout.app/es/biblioteca-ejercicios/pecho/press-de-banca-con-barra-y-cadenas"
"78a5c836-05ea-496a-80f5-382bf6405b91","Estiramiento de Rotación de Espalda Arrodillado","pectoral","pectoral","lumbares;trapecio","Mapa anatómico exacto y énfasis principal de los músculos de origen.","https://smartworkout.app/es/biblioteca-ejercicios/pecho/estiramiento-de-rotacion-de-espalda-arrodillado"
"7be164bf-92d9-4808-bbf4-2aa207d17205","Press Inlinado con Mancuernas Unilateral","pectoral","pectoral","triceps;hombros","Mapa anatómico exacto y énfasis principal de los músculos de origen.","https://smartworkout.app/es/biblioteca-ejercicios/pecho/press-inlinado-con-mancuernas-unilateral"
"80d1410f-b7b0-4bb1-83f5-9fd2ea4b29f2","Press de Larsen con barra","pectoral","pectoral","triceps;hombros","Mapa anatómico exacto y énfasis principal de los músculos de origen.","https://smartworkout.app/es/biblioteca-ejercicios/pecho/press-de-larsen-con-barra"
"80fd9286-0d64-becd-c2c2-83742b0c3974","Apertura de Pecho con Mancuernas en Banco Inclinado","pectoral","pectoral","hombros","Mapa anatómico exacto y énfasis principal de los músculos de origen.","https://smartworkout.app/es/biblioteca-ejercicios/pecho/apertura-de-pecho-con-mancuernas-en-banco-inclinado"
"81112d74-4711-4ddc-9145-a610bf8407c8","Press Plano en Máquina","pectoral","pectoral","triceps;hombros","Mapa anatómico exacto y énfasis principal de los músculos de origen.","https://smartworkout.app/es/biblioteca-ejercicios/pecho/press-plano-en-maquina"
"833d7f7c-e6ab-4796-97c7-17ebb035d33d","Press Declinado Convergente","pectoral","pectoral","triceps;hombros","Mapa anatómico exacto y énfasis principal de los músculos de origen.","https://smartworkout.app/es/biblioteca-ejercicios/pecho/press-declinado-convergente"
"858eb1d3-8e27-4fc0-8582-5b70e37b4864","Estiramiento Global","pectoral","pectoral","hombros;trapecio;lumbares","Mapa anatómico exacto y énfasis principal de los músculos de origen.","https://smartworkout.app/es/biblioteca-ejercicios/pecho/estiramiento-global"
"8611358c-7253-0ade-e174-1eb8dfa6ee86","Apertura con cable acostado","pectoral","pectoral","hombros","Mapa anatómico exacto y énfasis principal de los músculos de origen.","https://smartworkout.app/es/biblioteca-ejercicios/pecho/apertura-con-cable-acostado"
"8b039cb0-a7cb-4ffa-9fa1-e6120abf7936","Flexión con Banda de Resistencia","pectoral","pectoral","triceps;hombros","Mapa anatómico exacto y énfasis principal de los músculos de origen.","https://smartworkout.app/es/biblioteca-ejercicios/pecho/flexion-con-banda-de-resistencia"
"8b216853-6ddd-4846-97e1-8a7fc15040cc","Flexión con palmada","pectoral","pectoral","triceps;hombros;abdomen;oblicuos","Mapa anatómico exacto y énfasis principal de los músculos de origen.","https://smartworkout.app/es/biblioteca-ejercicios/pecho/flexion-con-palmada"
"8c156338-a875-4603-8a40-dfa7073933eb","Apertura de Pecho con Banda en Inclinación de Pie","pectoral","pectoral","","Mapa anatómico exacto y énfasis principal de los músculos de origen.","https://smartworkout.app/es/biblioteca-ejercicios/pecho/apertura-de-pecho-con-banda-en-inclinacion-de-pie"
"8c26f0f1-7a4a-4174-be6c-eab991b25992","Apertura en Polea de Alto a Bajo con un Brazo","pectoral","pectoral","","Mapa anatómico exacto y énfasis principal de los músculos de origen.","https://smartworkout.app/es/biblioteca-ejercicios/pecho/apertura-en-polea-de-alto-a-bajo-con-un-brazo"
"8dc5491f-a6ba-431f-bfe4-08e0ff285e4a","Flexión de arquero","pectoral","pectoral","triceps;hombros;biceps;abdomen;oblicuos","Mapa anatómico exacto y énfasis principal de los músculos de origen.","https://smartworkout.app/es/biblioteca-ejercicios/pecho/flexion-de-arquero"
"976c168d-2968-4eb0-9ca0-eaf804f9ee6a","Estiramiento de Pecho en el Marco de la Puerta","pectoral","pectoral","","Mapa anatómico exacto y énfasis principal de los músculos de origen.","https://smartworkout.app/es/biblioteca-ejercicios/pecho/estiramiento-de-pecho-en-el-marco-de-la-puerta"
"986f0a86-2d1e-47c5-02c2-57659ac4e005","Press Plano con Mancuernas","pectoral","pectoral","triceps;hombros;abdomen;oblicuos","Mapa anatómico exacto y énfasis principal de los músculos de origen.","https://smartworkout.app/es/biblioteca-ejercicios/pecho/press-plano-con-mancuernas"
"9dc6f0a7-0d13-4cdd-b511-fded663e0af1","Press Inclinado Convergente","pectoral","pectoral","hombros;triceps","Mapa anatómico exacto y énfasis principal de los músculos de origen.","https://smartworkout.app/es/biblioteca-ejercicios/pecho/press-inclinado-convergente"
"9de5f78f-fb0b-4bba-b42b-852a00388e9c","Plancha inclinada","pectoral","pectoral","hombros;triceps;biceps;abdomen;lumbares;antebrazo;dorsales;oblicuos","Mapa anatómico exacto y énfasis principal de los músculos de origen.","https://smartworkout.app/es/biblioteca-ejercicios/pecho/plancha-inclinada"
"9e63f81b-fb83-44b7-8dda-895b64ca24b5","Press de Fuerza Unilateral Cruzado","pectoral","pectoral","triceps","Mapa anatómico exacto y énfasis principal de los músculos de origen.","https://smartworkout.app/es/biblioteca-ejercicios/pecho/press-de-fuerza-unilateral-cruzado"
"9e9c7445-89c9-4f3c-bd9c-fd27a6ae2e74","Fondos de Pecho","pectoral","pectoral","triceps;hombros","Mapa anatómico exacto y énfasis principal de los músculos de origen.","https://smartworkout.app/es/biblioteca-ejercicios/pecho/fondos-de-pecho"
"a1b16209-fba0-43f3-9ac1-d160bcca419a","Press de Piso con Kettlebell a un Brazo","pectoral","pectoral","","Mapa anatómico exacto y énfasis principal de los músculos de origen.","https://smartworkout.app/es/biblioteca-ejercicios/pecho/press-de-piso-con-kettlebell-a-un-brazo"
"a2a907c5-ff12-4065-bd7d-bc85ac4523e2","Press circular de pie","pectoral","pectoral","triceps","Mapa anatómico exacto y énfasis principal de los músculos de origen.","https://smartworkout.app/es/biblioteca-ejercicios/pecho/press-circular-de-pie"
"ae4654cc-cd5b-4aef-81de-28e6eff721f7","Estiramiento de Pecho con Codos Abiertos","pectoral","pectoral","","Mapa anatómico exacto y énfasis principal de los músculos de origen.","https://smartworkout.app/es/biblioteca-ejercicios/pecho/estiramiento-de-pecho-con-codos-abiertos"
"b31f3da6-b239-41c0-9662-f0a8996868c6","Toque de hombro","pectoral","pectoral","hombros;abdomen;oblicuos;triceps","Mapa anatómico exacto y énfasis principal de los músculos de origen.","https://smartworkout.app/es/biblioteca-ejercicios/pecho/toque-de-hombro"
"baf42461-446f-423b-aafc-551d90d7f03b","Press de Pecho en Máquina Sentado","pectoral","pectoral","triceps;hombros","Mapa anatómico exacto y énfasis principal de los músculos de origen.","https://smartworkout.app/es/biblioteca-ejercicios/pecho/press-de-pecho-en-maquina-sentado"
"bc1b689d-6228-43bd-8e9e-d135b1e55807","Flexión en Anillas","pectoral","pectoral","triceps;hombros;abdomen;oblicuos","Mapa anatómico exacto y énfasis principal de los músculos de origen.","https://smartworkout.app/es/biblioteca-ejercicios/pecho/flexion-en-anillas"
"bc2e032c-f9a5-4e27-8b29-b7b80bebcd97","Press Plano con Mancuernas Unilateral","pectoral","pectoral","triceps;hombros","Mapa anatómico exacto y énfasis principal de los músculos de origen.","https://smartworkout.app/es/biblioteca-ejercicios/pecho/press-plano-con-mancuernas-unilateral"
"c1218a68-7bd6-4e47-9b9e-159dfab75ad5","Flexión Ancha de Rodillas","pectoral","pectoral","triceps;hombros","Mapa anatómico exacto y énfasis principal de los músculos de origen.","https://smartworkout.app/es/biblioteca-ejercicios/pecho/flexion-ancha-de-rodillas"
"c30468f2-024b-79d4-df35-0c937e391555","Press Declinado con Mancuernas","pectoral","pectoral","triceps","Mapa anatómico exacto y énfasis principal de los músculos de origen.","https://smartworkout.app/es/biblioteca-ejercicios/pecho/press-declinado-con-mancuernas"
"c8749939-52da-4147-9e62-e6be2b23b6a5","Flexión Abiertas","pectoral","pectoral","triceps;hombros;abdomen;oblicuos","Mapa anatómico exacto y énfasis principal de los músculos de origen.","https://smartworkout.app/es/biblioteca-ejercicios/pecho/flexion-abiertas"
"c9679a7c-9960-4d98-a130-1e919bfe1f74","Flexiones con asas","pectoral","pectoral","triceps;hombros","Mapa anatómico exacto y énfasis principal de los músculos de origen.","https://smartworkout.app/es/biblioteca-ejercicios/pecho/flexiones-con-asas"
"cb600c65-e1d1-42fa-874f-9568e52c8c48","Press de Banca con Banda de Resistencia","pectoral","pectoral","triceps;hombros","Mapa anatómico exacto y énfasis principal de los músculos de origen.","https://smartworkout.app/es/biblioteca-ejercicios/pecho/press-de-banca-con-banda-de-resistencia"
"cbf0e055-72dc-4e3d-bd43-6055b2bd0bed","Press de Banca con Tope","pectoral","pectoral","triceps;hombros","Mapa anatómico exacto y énfasis principal de los músculos de origen.","https://smartworkout.app/es/biblioteca-ejercicios/pecho/press-de-banca-con-tope"
"cd126272-b650-475e-bd59-f58ebb1ad6f6","Apertura de Cable Unilateral de Abajo hacia Arriba","pectoral","pectoral","hombros","Mapa anatómico exacto y énfasis principal de los músculos de origen.","https://smartworkout.app/es/biblioteca-ejercicios/pecho/apertura-de-cable-unilateral-de-abajo-hacia-arriba"
"d04e4922-8aec-4584-9657-ceda935dc57e","Press de Pecho en Máquina con Agarre Neutro","pectoral","pectoral","","Mapa anatómico exacto y énfasis principal de los músculos de origen.","https://smartworkout.app/es/biblioteca-ejercicios/pecho/press-de-pecho-en-maquina-con-agarre-neutro"
"d24ca3f6-1a19-41c4-9240-1369823e8a56","Press Declinado en Multipower","pectoral","pectoral","triceps;hombros","Mapa anatómico exacto y énfasis principal de los músculos de origen.","https://smartworkout.app/es/biblioteca-ejercicios/pecho/press-declinado-en-multipower"
"d29ecddd-e2bc-4d42-914b-7304975faa55","Apertura de Pecho de Pie","pectoral","pectoral","","Mapa anatómico exacto y énfasis principal de los músculos de origen.","https://smartworkout.app/es/biblioteca-ejercicios/pecho/apertura-de-pecho-de-pie"
"d5b46a95-9ed5-418d-b48e-cdea52e602b4","Almeja de Pecho Sentada","pectoral","pectoral","","Apertura de pecho en máquina; no es una abducción de cadera.","https://smartworkout.app/es/biblioteca-ejercicios/pecho/almeja-de-pecho-sentada"
"d62736b5-9f97-39cd-7596-1189d05863e9","Aperturas en Contractora de Pecho","pectoral","pectoral","hombros","Mapa anatómico exacto y énfasis principal de los músculos de origen.","https://smartworkout.app/es/biblioteca-ejercicios/pecho/aperturas-en-contractora-de-pecho"
"dba6c9ac-e99c-4486-5c88-7ff4403c4608","Press de Banca","pectoral","pectoral","triceps;hombros","Mapa anatómico exacto y énfasis principal de los músculos de origen.","https://smartworkout.app/es/biblioteca-ejercicios/pecho/press-de-banca"
"e15bca23-4fa2-4ca1-9c7f-f644e370e8c7","Apertura con mancuernas de abajo hacia arriba","pectoral","pectoral","hombros","Mapa anatómico exacto y énfasis principal de los músculos de origen.","https://smartworkout.app/es/biblioteca-ejercicios/pecho/apertura-con-mancuernas-de-abajo-hacia-arriba"
"e1964940-8d58-45ac-9edb-a63459417619","Estiramiento de Pecho con Brazo Flexionado","pectoral","pectoral","","Mapa anatómico exacto y énfasis principal de los músculos de origen.","https://smartworkout.app/es/biblioteca-ejercicios/pecho/estiramiento-de-pecho-con-brazo-flexionado"
"e32b37fd-0bbd-4f6d-aa80-a3351bc01ffe","Flexiones de rodillas","pectoral","pectoral","triceps","Mapa anatómico exacto y énfasis principal de los músculos de origen.","https://smartworkout.app/es/biblioteca-ejercicios/pecho/flexiones-de-rodillas"
"e5ada84d-4df0-4f12-ae4c-ec5dcd51d8b8","Cruce de Poleas Bajo","pectoral","pectoral","hombros","Mapa anatómico exacto y énfasis principal de los músculos de origen.","https://smartworkout.app/es/biblioteca-ejercicios/pecho/cruce-de-poleas-bajo"
"eb35e6eb-4b33-4d2f-a100-99079c086284","Flexión de dedos","pectoral","pectoral","triceps;hombros;abdomen;oblicuos","Mapa anatómico exacto y énfasis principal de los músculos de origen.","https://smartworkout.app/es/biblioteca-ejercicios/pecho/flexion-de-dedos"
"ed078081-f64f-41e6-b31d-230e8d75cf43","Aperturas con Mancuernas en Banco Declinado","pectoral","pectoral","hombros","Mapa anatómico exacto y énfasis principal de los músculos de origen.","https://smartworkout.app/es/biblioteca-ejercicios/pecho/aperturas-con-mancuernas-en-banco-declinado"
"efa13a07-2158-4db6-9ebc-6e852ffa2aef","Press Inclinado en Multipower","pectoral","pectoral","triceps;hombros","Mapa anatómico exacto y énfasis principal de los músculos de origen.","https://smartworkout.app/es/biblioteca-ejercicios/pecho/press-inclinado-en-multipower"
"f43ad48c-6c21-4ab2-aa49-ee500c62355c","Flexiones inclinadas","pectoral","pectoral","triceps;hombros;abdomen;oblicuos","Mapa anatómico exacto y énfasis principal de los músculos de origen.","https://smartworkout.app/es/biblioteca-ejercicios/pecho/flexiones-inclinadas"
"f50fa620-42a2-4306-9289-3e801068e662","Press Plano con Poleas","pectoral","pectoral","triceps;hombros","Mapa anatómico exacto y énfasis principal de los músculos de origen.","https://smartworkout.app/es/biblioteca-ejercicios/pecho/press-plano-con-poleas"
"f511d489-bd64-4a83-8713-8445d53b1d8e","Flexiones con Peso","pectoral","pectoral","triceps","Mapa anatómico exacto y énfasis principal de los músculos de origen.","https://smartworkout.app/es/biblioteca-ejercicios/pecho/flexiones-con-peso"
"f52c9de8-8b5e-f4d0-efe9-27b858230898","Apertura de Pecho con Mancuernas","pectoral","pectoral","","Mapa anatómico exacto y énfasis principal de los músculos de origen.","https://smartworkout.app/es/biblioteca-ejercicios/pecho/apertura-de-pecho-con-mancuernas"
"fc730971-57d7-458f-bc9a-6217c728fd83","Laterales Poliquin","pectoral","hombros","pectoral","Elevación lateral de hombros; estaba en pecho.","https://smartworkout.app/es/biblioteca-ejercicios/pecho/laterales-poliquin"
"fcaeb74b-a51b-4a0d-bf7d-f1e057539698","Flexión Profunda con Mancuernas","pectoral","pectoral","triceps;hombros","Mapa anatómico exacto y énfasis principal de los músculos de origen.","https://smartworkout.app/es/biblioteca-ejercicios/pecho/flexion-profunda-con-mancuernas"
"fefbedf9-85f3-e418-eeae-4654e6cfbbfd","Cruce de Poleas en Banco Inclinado","pectoral","pectoral","hombros","Mapa anatómico exacto y énfasis principal de los músculos de origen.","https://smartworkout.app/es/biblioteca-ejercicios/pecho/cruce-de-poleas-en-banco-inclinado"
"04035dba-efc3-4736-9b1b-bc4fd23d9695","Jalón al Pecho con un Brazo","dorsales","dorsales","hombros;trapecio;triceps","Tracción de espalda: dorsales como grupo principal; brazos y músculos escapulares secundarios.","https://smartworkout.app/es/biblioteca-ejercicios/espalda/jalon-al-pecho-con-un-brazo"
"04141712-a8e2-49df-9e46-ba6204ae5edf","Dominadas","dorsales","dorsales","trapecio;hombros;triceps;antebrazo;biceps","Tracción de espalda: dorsales como grupo principal; brazos y músculos escapulares secundarios.","https://smartworkout.app/es/biblioteca-ejercicios/espalda/dominadas"
"04cc2a5a-b69d-4ef3-b6f8-3e6a6115403b","Dominadas con Lastre","dorsales","dorsales","hombros;trapecio;triceps","Tracción de espalda: dorsales como grupo principal; brazos y músculos escapulares secundarios.","https://smartworkout.app/es/biblioteca-ejercicios/espalda/dominadas-con-lastre"
"081d6aee-e878-4d7e-adda-925768ebf2bc","Remo con Mancuerna a un Brazo Inclinado para Escápula","dorsales","dorsales","trapecio","Tracción de espalda: dorsales como grupo principal; brazos y músculos escapulares secundarios.","https://smartworkout.app/es/biblioteca-ejercicios/espalda/remo-con-mancuerna-a-un-brazo-inclinado-para-escapula"
"0a7f804c-c8b2-410f-aaf2-596f30494ee9","Dominadas con agarre estrecho","dorsales","dorsales","hombros;trapecio;biceps;antebrazo;triceps","Tracción de espalda: dorsales como grupo principal; brazos y músculos escapulares secundarios.","https://smartworkout.app/es/biblioteca-ejercicios/espalda/dominadas-con-agarre-estrecho"
"0c3e27ed-e95b-7611-a3e8-7dab63585d21","Remo con barra inclinado","dorsales","dorsales","trapecio;hombros;antebrazo;lumbares;triceps","Tracción de espalda: dorsales como grupo principal; brazos y músculos escapulares secundarios.","https://smartworkout.app/es/biblioteca-ejercicios/espalda/remo-con-barra-inclinado"
"138862a9-3d34-4aa7-86f0-13e35d16e12f","Remo Bajo Unilateral en Polea","dorsales","dorsales","trapecio;hombros;biceps;lumbares","Tracción de espalda: dorsales como grupo principal; brazos y músculos escapulares secundarios.","https://smartworkout.app/es/biblioteca-ejercicios/espalda/remo-bajo-unilateral-en-polea"
"13a0a404-a40c-4565-b125-29a3c83a2bd6","Remo sentado con cable y agarre ancho","dorsales","dorsales","trapecio;hombros;lumbares;antebrazo","Tracción de espalda: dorsales como grupo principal; brazos y músculos escapulares secundarios.","https://smartworkout.app/es/biblioteca-ejercicios/espalda/remo-sentado-con-cable-y-agarre-ancho"
"1a335136-840a-4499-9778-4ddef29a6771","Remo en Polea Sentado","dorsales","dorsales","trapecio;hombros;antebrazo;biceps","Tracción de espalda: dorsales como grupo principal; brazos y músculos escapulares secundarios.","https://smartworkout.app/es/biblioteca-ejercicios/espalda/remo-en-polea-sentado"
"1a9dfa03-6633-4c8e-830e-1c5928b8c0d7","Jalón de dorsales con cuerda y brazos rectos","dorsales","dorsales","hombros;triceps","Tracción de espalda: dorsales como grupo principal; brazos y músculos escapulares secundarios.","https://smartworkout.app/es/biblioteca-ejercicios/espalda/jalon-de-dorsales-con-cuerda-y-brazos-rectos"
"1b067cc9-2501-41fc-97fe-cd35e92c3098","Jalón en polea con agarre ancho detrás de la nuca","dorsales","dorsales","trapecio;antebrazo;hombros;biceps","Tracción de espalda: dorsales como grupo principal; brazos y músculos escapulares secundarios.","https://smartworkout.app/es/biblioteca-ejercicios/espalda/jalon-en-polea-con-agarre-ancho-detras-de-la-nuca"
"1ded3dfe-6517-40db-909b-dc8b4b64d932","Dominadas con agarre ancho hacia atrás","dorsales","dorsales","hombros;trapecio;triceps;antebrazo;biceps","Tracción de espalda: dorsales como grupo principal; brazos y músculos escapulares secundarios.","https://smartworkout.app/es/biblioteca-ejercicios/espalda/dominadas-con-agarre-ancho-hacia-atras"
"1df9fd37-4223-4015-865e-cd6f641f78df","Dominadas supinas","dorsales","dorsales","hombros;trapecio;biceps;antebrazo","Tracción de espalda: dorsales como grupo principal; brazos y músculos escapulares secundarios.","https://smartworkout.app/es/biblioteca-ejercicios/espalda/dominadas-supinas"
"1f0ed45d-5c7d-7d28-1df8-5dac013c1c38","Dominadas con agarre ancho","dorsales","dorsales","trapecio;hombros;antebrazo;triceps;biceps","Tracción de espalda: dorsales como grupo principal; brazos y músculos escapulares secundarios.","https://smartworkout.app/es/biblioteca-ejercicios/espalda/dominadas-con-agarre-ancho"
"21fbdca8-4263-4371-97ce-ba441356648c","Remo en suspensión","dorsales","dorsales","hombros;trapecio;biceps;antebrazo","Tracción de espalda: dorsales como grupo principal; brazos y músculos escapulares secundarios.","https://smartworkout.app/es/biblioteca-ejercicios/espalda/remo-en-suspension"
"227db3f3-d33f-4f86-b14f-56f32f12d62b","Remo Inclinado con Barra desde Pin","dorsales","dorsales","trapecio;hombros;lumbares","Tracción de espalda: dorsales como grupo principal; brazos y músculos escapulares secundarios.","https://smartworkout.app/es/biblioteca-ejercicios/espalda/remo-inclinado-con-barra-desde-pin"
"2340824d-e207-4561-bdcd-8752070c06da","Jalón de Dorsales con Cable a un Brazo y Brazo Recto","dorsales","dorsales","hombros;trapecio;triceps","Tracción de espalda: dorsales como grupo principal; brazos y músculos escapulares secundarios.","https://smartworkout.app/es/biblioteca-ejercicios/espalda/jalon-de-dorsales-con-cable-a-un-brazo-y-brazo-recto"
"23aaf86c-d27a-4464-88d0-e3f88bb1ba4c","Encogimientos de hombros Kelso con mancuernas","dorsales","trapecio","","Elevación o retracción escapular de encogimientos: trapecio.","https://smartworkout.app/es/biblioteca-ejercicios/espalda/encogimientos-de-hombros-kelso-con-mancuernas"
"245a9e25-296f-4330-9fb6-82de62ebfaca","Remo en máquina con soporte para pecho a un brazo","dorsales","dorsales","hombros;trapecio","Tracción de espalda: dorsales como grupo principal; brazos y músculos escapulares secundarios.","https://smartworkout.app/es/biblioteca-ejercicios/espalda/remo-en-maquina-con-soporte-para-pecho-a-un-brazo"
"25472b18-efdc-438a-a2c2-ab72994be361","Jalón de Espalda en Polea con Agarre Neutral Ancho","dorsales","dorsales","hombros;trapecio;antebrazo;biceps","Tracción de espalda: dorsales como grupo principal; brazos y músculos escapulares secundarios.","https://smartworkout.app/es/biblioteca-ejercicios/espalda/jalon-de-espalda-en-polea-con-agarre-neutral-ancho"
"272ee53c-baf9-4a84-a909-e7370543dd8a","Remo sentado en polea baja a una mano","dorsales","dorsales","trapecio;hombros;biceps","Tracción de espalda: dorsales como grupo principal; brazos y músculos escapulares secundarios.","https://smartworkout.app/es/biblioteca-ejercicios/espalda/remo-sentado-en-polea-baja-a-una-mano"
"28ad1245-c026-45e9-b1db-34c169e6b8c3","Dominada en palanca frontal","dorsales","dorsales","hombros;trapecio;antebrazo;biceps;oblicuos;abdomen;cuadriceps;lumbares;triceps","Tracción de espalda: dorsales como grupo principal; brazos y músculos escapulares secundarios.","https://smartworkout.app/es/biblioteca-ejercicios/espalda/dominada-en-palanca-frontal"
"291593e2-7736-4028-9bf2-77192645930b","Estiramiento Lateral del Cuello","dorsales","trapecio","","Mapa anatómico exacto y énfasis principal de los músculos de origen.","https://smartworkout.app/es/biblioteca-ejercicios/espalda/estiramiento-lateral-del-cuello"
"2ade8d6c-c91a-430f-96fc-da1d0f696526","Jalón de Dorsales en Polea","dorsales","dorsales","hombros;antebrazo;trapecio;biceps","Tracción de espalda: dorsales como grupo principal; brazos y músculos escapulares secundarios.","https://smartworkout.app/es/biblioteca-ejercicios/espalda/jalon-de-dorsales-en-polea"
"2d243c0b-02d2-4e67-8a63-dca09e86b55a","Remo con Kettlebell Inclinado","dorsales","dorsales","trapecio;hombros;antebrazo;triceps;biceps;lumbares","Tracción de espalda: dorsales como grupo principal; brazos y músculos escapulares secundarios.","https://smartworkout.app/es/biblioteca-ejercicios/espalda/remo-con-kettlebell-inclinado"
"2e701c8a-581a-4505-b4ba-c906102609e0","Encogimientos en Máquina","dorsales","trapecio","","Elevación o retracción escapular de encogimientos: trapecio.","https://smartworkout.app/es/biblioteca-ejercicios/espalda/encogimientos-en-maquina"
"337e4449-47d4-4482-9bed-47404f889db7","Remo con Apoyo en el Pecho y Agarre Amplio","dorsales","dorsales","hombros;trapecio","Tracción de espalda: dorsales como grupo principal; brazos y músculos escapulares secundarios.","https://smartworkout.app/es/biblioteca-ejercicios/espalda/remo-con-apoyo-en-el-pecho-y-agarre-amplio"
"35d975b5-dfd2-4bc1-b3f6-6cae96604d4a","Remo de Gorila","dorsales","dorsales","hombros;trapecio;biceps;antebrazo","Tracción de espalda: dorsales como grupo principal; brazos y músculos escapulares secundarios.","https://smartworkout.app/es/biblioteca-ejercicios/espalda/remo-de-gorila"
"37f5a2d4-b453-4971-a504-90d55d0933f6","Jalón de Espalda con Banda Inclinado","dorsales","dorsales","hombros;trapecio","Tracción de espalda: dorsales como grupo principal; brazos y músculos escapulares secundarios.","https://smartworkout.app/es/biblioteca-ejercicios/espalda/jalon-de-espalda-con-banda-inclinado"
"3ba44e8d-8718-47f1-ba5f-1fd046cbb7b0","Remo Invertido en Suspensión","dorsales","dorsales","hombros;trapecio","Tracción de espalda: dorsales como grupo principal; brazos y músculos escapulares secundarios.","https://smartworkout.app/es/biblioteca-ejercicios/espalda/remo-invertido-en-suspension"
"4867c4b9-6939-4a7f-ba29-282550b7c7e6","Remo con barra en T inclinado","dorsales","dorsales","trapecio;hombros;antebrazo;biceps","Tracción de espalda: dorsales como grupo principal; brazos y músculos escapulares secundarios.","https://smartworkout.app/es/biblioteca-ejercicios/espalda/remo-con-barra-en-t-inclinado"
"49297ec3-9ee7-444c-b83f-74be529eda62","Remo ancho con mancuernas en banco inclinado","dorsales","dorsales","hombros;trapecio","Tracción de espalda: dorsales como grupo principal; brazos y músculos escapulares secundarios.","https://smartworkout.app/es/biblioteca-ejercicios/espalda/remo-ancho-con-mancuernas-en-banco-inclinado"
"49d5a7b1-678a-4e88-848b-a6468864bf2d","Encogimiento con Barra Detrás de la Espalda","dorsales","trapecio","","Elevación o retracción escapular de encogimientos: trapecio.","https://smartworkout.app/es/biblioteca-ejercicios/espalda/encogimiento-con-barra-detras-de-la-espalda"
"4a808b86-385e-28a7-460b-aad50695af11","Remo Inclinado con Mancuernas","dorsales","dorsales","trapecio;hombros;antebrazo;triceps","Tracción de espalda: dorsales como grupo principal; brazos y músculos escapulares secundarios.","https://smartworkout.app/es/biblioteca-ejercicios/espalda/remo-inclinado-con-mancuernas"
"4ba860b1-2e76-45b6-8023-c386bc56e65d","Pullover en máquina","dorsales","dorsales","hombros;triceps;trapecio;pectoral","Mapa anatómico exacto y énfasis principal de los músculos de origen.","https://smartworkout.app/es/biblioteca-ejercicios/espalda/pullover-en-maquina"
"59c89f64-4dd9-4590-b70b-4dfc1d395407","Remo en T con Soporte para Pecho","dorsales","dorsales","trapecio;hombros","Tracción de espalda: dorsales como grupo principal; brazos y músculos escapulares secundarios.","https://smartworkout.app/es/biblioteca-ejercicios/espalda/remo-en-t-con-soporte-para-pecho"
"5b5ad96b-a5d1-a271-9b57-aa0dfda9d77b","Jalón lateral con agarre amplio en polea alta","dorsales","dorsales","hombros;antebrazo;trapecio;triceps;biceps","Tracción de espalda: dorsales como grupo principal; brazos y músculos escapulares secundarios.","https://smartworkout.app/es/biblioteca-ejercicios/espalda/jalon-lateral-con-agarre-amplio-en-polea-alta"
"5d175483-a70f-418a-8ee1-b4434087df4e","Remo con Mancuernas en Banco Plano","dorsales","dorsales","trapecio;hombros","Tracción de espalda: dorsales como grupo principal; brazos y músculos escapulares secundarios.","https://smartworkout.app/es/biblioteca-ejercicios/espalda/remo-con-mancuernas-en-banco-plano"
"61fb6b76-1d67-48f8-abba-bca2c60db1f9","Encogimientos de Hombros con Mancuernas","dorsales","trapecio","","Elevación o retracción escapular de encogimientos: trapecio.","https://smartworkout.app/es/biblioteca-ejercicios/espalda/encogimientos-de-hombros-con-mancuernas"
"6683712d-bac9-4c1d-907d-d2df12e60ee1","Dominada en L","dorsales","dorsales","hombros;trapecio;triceps;antebrazo;biceps","Tracción de espalda: dorsales como grupo principal; brazos y músculos escapulares secundarios.","https://smartworkout.app/es/biblioteca-ejercicios/espalda/dominada-en-l"
"66a6068b-f1aa-40b8-9f56-0359cc0573b1","Encogimientos de hombros con mancuernas sentado","dorsales","trapecio","","Elevación o retracción escapular de encogimientos: trapecio.","https://smartworkout.app/es/biblioteca-ejercicios/espalda/encogimientos-de-hombros-con-mancuernas-sentado"
"67388acd-390f-4322-b88b-ea5aa75a5ee4","Estiramiento Lateral de Pie","dorsales","dorsales","oblicuos","Mapa anatómico exacto y énfasis principal de los músculos de origen.","https://smartworkout.app/es/biblioteca-ejercicios/espalda/estiramiento-lateral-de-pie"
"67f6aae7-5674-4e6e-9b39-1e4a0c956e5c","Tirón alrededor","dorsales","dorsales","trapecio;hombros","Mapa anatómico exacto y énfasis principal de los músculos de origen.","https://smartworkout.app/es/biblioteca-ejercicios/espalda/tiron-alrededor"
"6a4145f4-8ef2-43f7-a9e9-51159327623e","Remo de Kayak en Polea","dorsales","dorsales","hombros;oblicuos;pectoral;triceps;abdomen;trapecio","Tracción de espalda: dorsales como grupo principal; brazos y músculos escapulares secundarios.","https://smartworkout.app/es/biblioteca-ejercicios/espalda/remo-de-kayak-en-polea"
"6b58e142-6ce7-4492-ac4f-197bd74ab148","Remo con barra en T a una mano inclinado","dorsales","dorsales","hombros;trapecio;lumbares;antebrazo","Tracción de espalda: dorsales como grupo principal; brazos y músculos escapulares secundarios.","https://smartworkout.app/es/biblioteca-ejercicios/espalda/remo-con-barra-en-t-a-una-mano-inclinado"
"6f1920ff-322b-43c3-8f4f-901be5cd3679","Jalón al pecho con cable a una mano en posición de medio arrodillado","dorsales","dorsales","hombros;antebrazo;trapecio","Tracción de espalda: dorsales como grupo principal; brazos y músculos escapulares secundarios.","https://smartworkout.app/es/biblioteca-ejercicios/espalda/jalon-al-pecho-con-cable-a-una-mano-en-posicion-de-medio-arrodillado"
"6f9c1398-a069-4318-92b1-7233ff9f0fe7","Jalón de dorsales con banda a un brazo","dorsales","dorsales","trapecio;hombros","Tracción de espalda: dorsales como grupo principal; brazos y músculos escapulares secundarios.","https://smartworkout.app/es/biblioteca-ejercicios/espalda/jalon-de-dorsales-con-banda-a-un-brazo"
"7049688f-6c75-454f-80a7-28b0a805c6b4","Remo Invertido con Agarre Supino","dorsales","dorsales","hombros;trapecio;biceps;antebrazo;lumbares","Tracción de espalda: dorsales como grupo principal; brazos y músculos escapulares secundarios.","https://smartworkout.app/es/biblioteca-ejercicios/espalda/remo-invertido-con-agarre-supino"
"70b49da7-8fba-4c5e-bdf2-6035e72a2411","Remo Bajo en Máquina","dorsales","dorsales","hombros;trapecio;biceps","Tracción de espalda: dorsales como grupo principal; brazos y músculos escapulares secundarios.","https://smartworkout.app/es/biblioteca-ejercicios/espalda/remo-bajo-en-maquina"
"71f484d7-0e4d-4251-9000-85b2f1e51435","Dominadas con Agarre Neutro","dorsales","dorsales","trapecio;hombros;biceps;antebrazo","Tracción de espalda: dorsales como grupo principal; brazos y músculos escapulares secundarios.","https://smartworkout.app/es/biblioteca-ejercicios/espalda/dominadas-con-agarre-neutro"
"73178ef7-4fe8-47df-9cb0-991d33cc66bf","Nadador en posición prona","dorsales","trapecio","dorsales;hombros;lumbares","Mapa anatómico exacto y énfasis principal de los músculos de origen.","https://smartworkout.app/es/biblioteca-ejercicios/espalda/nadador-en-posicion-prona"
"759db4cc-b963-4f53-b512-aadcfe301c4f","Encogimiento de Hombros en Máquina Smith","dorsales","trapecio","","Elevación o retracción escapular de encogimientos: trapecio.","https://smartworkout.app/es/biblioteca-ejercicios/espalda/encogimiento-de-hombros-en-maquina-smith"
"75add5d1-1906-4d70-b23a-998b632ce324","Encogimientos en Fondos","dorsales","trapecio","pectoral","Elevación o retracción escapular de encogimientos: trapecio.","https://smartworkout.app/es/biblioteca-ejercicios/espalda/encogimientos-en-fondos"
"763906d6-42c5-7f93-c42a-553bdcf8d6f2","Remo en Máquina con Soporte para el Pecho","dorsales","dorsales","hombros;trapecio;antebrazo;biceps","Tracción de espalda: dorsales como grupo principal; brazos y músculos escapulares secundarios.","https://smartworkout.app/es/biblioteca-ejercicios/espalda/remo-en-maquina-con-soporte-para-el-pecho"
"773ab473-077f-4ddb-baae-fff41adeb0f0","Jalón con Banda Detrás del Cuello","dorsales","dorsales","trapecio;hombros","Tracción de espalda: dorsales como grupo principal; brazos y músculos escapulares secundarios.","https://smartworkout.app/es/biblioteca-ejercicios/espalda/jalon-con-banda-detras-del-cuello"
"7cb4fd38-5ca9-4d65-a5df-f8a0b3288fbc","Dominadas en anillas","dorsales","dorsales","hombros;trapecio;biceps;antebrazo;lumbares;abdomen;oblicuos;triceps","Tracción de espalda: dorsales como grupo principal; brazos y músculos escapulares secundarios.","https://smartworkout.app/es/biblioteca-ejercicios/espalda/dominadas-en-anillas"
"7ce5e3ff-7276-41cd-8a14-41e33ab76ddc","Máquina de Remo","dorsales","cardio","dorsales;trapecio;hombros;cuadriceps;biceps;oblicuos;lumbares;abductores;gluteos;triceps;abdomen;antebrazo;isquiotibiales","Actividad cardiovascular: categoría Cardio; conservar los músculos implicados como secundarios.","https://smartworkout.app/es/biblioteca-ejercicios/espalda/maquina-de-remo"
"7e2b3c1c-97db-405e-b9ca-e6ebdc5db673","Remo en Banco Prono","dorsales","dorsales","trapecio;hombros;antebrazo;biceps","Tracción de espalda: dorsales como grupo principal; brazos y músculos escapulares secundarios.","https://smartworkout.app/es/biblioteca-ejercicios/espalda/remo-en-banco-prono"
"85a22cf8-07b5-424a-bef6-637d9c5761dc","Remo Renegado Alterno","dorsales","dorsales","hombros;trapecio;abdomen;cuadriceps;pectoral;lumbares;abductores;biceps;gluteos;oblicuos;antebrazo","Tracción de espalda: dorsales como grupo principal; brazos y músculos escapulares secundarios.","https://smartworkout.app/es/biblioteca-ejercicios/espalda/remo-renegado-alterno"
"86229a51-11aa-4610-9d34-f27e2b4b7eea","Remo Alto Unilateral en Polea","dorsales","dorsales","hombros;trapecio;lumbares","Tracción de espalda: dorsales como grupo principal; brazos y músculos escapulares secundarios.","https://smartworkout.app/es/biblioteca-ejercicios/espalda/remo-alto-unilateral-en-polea"
"8ce2c948-a992-4ce9-b562-2e0ff86679c7","Flexión de Cuello","dorsales","trapecio","","Mapa anatómico exacto y énfasis principal de los músculos de origen.","https://smartworkout.app/es/biblioteca-ejercicios/espalda/flexion-de-cuello"
"8e408345-f873-4f50-82aa-65f99cd78af9","Ergómetro de Esquí","dorsales","cardio","triceps;dorsales;trapecio;hombros;lumbares;abdomen","Actividad cardiovascular: categoría Cardio; conservar los músculos implicados como secundarios.","https://smartworkout.app/es/biblioteca-ejercicios/espalda/ergometro-de-esqui"
"8ed82d5b-8055-474e-9d6a-38bb83be1e02","Remo inclinado con mancuernas agarre neutro","dorsales","dorsales","hombros;trapecio","Tracción de espalda: dorsales como grupo principal; brazos y músculos escapulares secundarios.","https://smartworkout.app/es/biblioteca-ejercicios/espalda/remo-inclinado-con-mancuernas-agarre-neutro"
"91df77ee-5ffe-4d59-b1e5-885862ec28c3","Jalón al Pecho con Agarre Cerrado en Polea","dorsales","dorsales","trapecio;hombros;antebrazo;biceps","Tracción de espalda: dorsales como grupo principal; brazos y músculos escapulares secundarios.","https://smartworkout.app/es/biblioteca-ejercicios/espalda/jalon-al-pecho-con-agarre-cerrado-en-polea"
"963e4937-5b35-480d-e91e-f8f53b2cc64e","Encogimiento de Hombros con Barra","dorsales","trapecio","","Elevación o retracción escapular de encogimientos: trapecio.","https://smartworkout.app/es/biblioteca-ejercicios/espalda/encogimiento-de-hombros-con-barra"
"9d9a38ee-21ac-40ad-ad39-0cb2c09a4b88","Bandera","dorsales","oblicuos","dorsales;hombros;trapecio;lumbares;abductores;triceps;antebrazo;pectoral;abdomen;adductores;biceps;gluteos","Mapa anatómico exacto y énfasis principal de los músculos de origen.","https://smartworkout.app/es/biblioteca-ejercicios/espalda/bandera"
"9df4db0a-a574-4f3c-b6da-6c289bd1c508","Remo Inclinado con Barra y Agarre Invertido","dorsales","dorsales","trapecio;hombros;biceps;lumbares;triceps","Tracción de espalda: dorsales como grupo principal; brazos y músculos escapulares secundarios.","https://smartworkout.app/es/biblioteca-ejercicios/espalda/remo-inclinado-con-barra-y-agarre-invertido"
"a0ef5e32-d928-45e1-b507-71bdaa06bf4c","Máquina de Jalón de Espalda","dorsales","dorsales","hombros;trapecio;antebrazo;triceps;biceps","Tracción de espalda: dorsales como grupo principal; brazos y músculos escapulares secundarios.","https://smartworkout.app/es/biblioteca-ejercicios/espalda/maquina-de-jalon-de-espalda"
"ab0c9102-2325-49a2-92ce-4c6ed35a119d","Remo Amplio con Banda Anclada en Alto","dorsales","dorsales","trapecio;hombros","Tracción de espalda: dorsales como grupo principal; brazos y músculos escapulares secundarios.","https://smartworkout.app/es/biblioteca-ejercicios/espalda/remo-amplio-con-banda-anclada-en-alto"
"ace91b1e-8045-481d-8ab6-3a40f6593d8b","Jalón en Polea con Agarre Invertido","dorsales","dorsales","hombros;trapecio;biceps;antebrazo","Tracción de espalda: dorsales como grupo principal; brazos y músculos escapulares secundarios.","https://smartworkout.app/es/biblioteca-ejercicios/espalda/jalon-en-polea-con-agarre-invertido"
"ae74e375-7d6c-41d6-9e1c-3441ab97bca2","Remo Inclinado con Barra en Banco","dorsales","dorsales","hombros;trapecio;antebrazo;triceps","Tracción de espalda: dorsales como grupo principal; brazos y músculos escapulares secundarios.","https://smartworkout.app/es/biblioteca-ejercicios/espalda/remo-inclinado-con-barra-en-banco"
"b17fec92-bc5f-480d-912b-988a936065b3","Remo renegado con kettlebell","dorsales","dorsales","hombros;trapecio;abdomen;oblicuos;lumbares;triceps;pectoral;abductores;gluteos","Tracción de espalda: dorsales como grupo principal; brazos y músculos escapulares secundarios.","https://smartworkout.app/es/biblioteca-ejercicios/espalda/remo-renegado-con-kettlebell"
"b3ec93a9-729e-4e60-8944-d00b8a81f01f","Dominadas Asistidas","dorsales","dorsales","hombros;antebrazo;biceps","Tracción de espalda: dorsales como grupo principal; brazos y músculos escapulares secundarios.","https://smartworkout.app/es/biblioteca-ejercicios/espalda/dominadas-asistidas"
"b4eb0459-9ad3-4a47-8add-4c80872785b7","Remo con barra para deltoides posteriores","dorsales","hombros","trapecio;dorsales","Movimiento dirigido al deltoides posterior y estabilizadores del hombro.","https://smartworkout.app/es/biblioteca-ejercicios/espalda/remo-con-barra-para-deltoides-posteriores"
"b767db5f-87e1-42cf-b4dd-25f9899e0722","Remo sentado con cable agarre neutro","dorsales","dorsales","trapecio;hombros;antebrazo","Tracción de espalda: dorsales como grupo principal; brazos y músculos escapulares secundarios.","https://smartworkout.app/es/biblioteca-ejercicios/espalda/remo-sentado-con-cable-agarre-neutro"
"b91720be-c6a9-4b87-b264-0e09f7e9053d","Remo de Cable a Una Mano","dorsales","dorsales","hombros;trapecio;biceps;lumbares","Tracción de espalda: dorsales como grupo principal; brazos y músculos escapulares secundarios.","https://smartworkout.app/es/biblioteca-ejercicios/espalda/remo-de-cable-a-una-mano"
"b9b09cef-24a9-103d-0981-ba6076dd0bb6","Remo Alto en Palanca","dorsales","dorsales","hombros;trapecio","Tracción de espalda: dorsales como grupo principal; brazos y músculos escapulares secundarios.","https://smartworkout.app/es/biblioteca-ejercicios/espalda/remo-alto-en-palanca"
"ba67a5a7-7a06-49c2-92eb-9cf8dc8b9419","Encogimientos con barra hexagonal","dorsales","trapecio","","Elevación o retracción escapular de encogimientos: trapecio.","https://smartworkout.app/es/biblioteca-ejercicios/espalda/encogimientos-con-barra-hexagonal"
"bb084797-5b76-4f77-98cf-0e4019b3536f","Remo Invertido (Australiano)","dorsales","dorsales","hombros;trapecio;antebrazo;biceps","Tracción de espalda: dorsales como grupo principal; brazos y músculos escapulares secundarios.","https://smartworkout.app/es/biblioteca-ejercicios/espalda/remo-invertido-(australiano)"
"bbe9a0d9-509e-4362-b9e9-396e8b7c79c3","Remo Pendlay","dorsales","dorsales","hombros;trapecio;lumbares;antebrazo;biceps","Tracción de espalda: dorsales como grupo principal; brazos y músculos escapulares secundarios.","https://smartworkout.app/es/biblioteca-ejercicios/espalda/remo-pendlay"
"c6c9eeca-3ee1-4a8b-b34a-496b35c5dd53","Remo bajo en polea sentado con agarre neutro","dorsales","dorsales","hombros;trapecio;antebrazo","Tracción de espalda: dorsales como grupo principal; brazos y músculos escapulares secundarios.","https://smartworkout.app/es/biblioteca-ejercicios/espalda/remo-bajo-en-polea-sentado-con-agarre-neutro"
"c6fffa71-d76e-44b7-bc35-1aa2a90bdc69","Extensión de Espalda en Máquina","dorsales","lumbares","gluteos","Extensión de espalda: erectores espinales; conservar glúteos e isquiotibiales secundarios.","https://smartworkout.app/es/biblioteca-ejercicios/espalda/extension-de-espalda-en-maquina"
"c97aad0b-f9f1-4533-918a-fc23a466b854","Pullover con Mancuerna y Piernas Elevadas","dorsales","dorsales","pectoral;hombros;triceps;trapecio","Mapa anatómico exacto y énfasis principal de los músculos de origen.","https://smartworkout.app/es/biblioteca-ejercicios/espalda/pullover-con-mancuerna-y-piernas-elevadas"
"c9c26dea-3563-47ab-b2bb-e93a3021cea1","Remo Sentado con Agarre Supino en Polea","dorsales","dorsales","hombros;trapecio;biceps;antebrazo","Tracción de espalda: dorsales como grupo principal; brazos y músculos escapulares secundarios.","https://smartworkout.app/es/biblioteca-ejercicios/espalda/remo-sentado-con-agarre-supino-en-polea"
"ca8fb6e9-2df5-4f97-83a0-d1595e894fba","Jalón de dorsales con brazos rectos","dorsales","dorsales","trapecio;hombros;triceps","Tracción de espalda: dorsales como grupo principal; brazos y músculos escapulares secundarios.","https://smartworkout.app/es/biblioteca-ejercicios/espalda/jalon-de-dorsales-con-brazos-rectos"
"cc39d401-ea05-f723-0500-64bbe65b589d","Jalón en polea con agarre neutro","dorsales","dorsales","trapecio;hombros;triceps;antebrazo;biceps","Tracción de espalda: dorsales como grupo principal; brazos y músculos escapulares secundarios.","https://smartworkout.app/es/biblioteca-ejercicios/espalda/jalon-en-polea-con-agarre-neutro"
"d1109e24-4610-4f9f-93b7-a37691e123bf","Jalón de Espalda en Polea de Rodillas","dorsales","dorsales","trapecio;hombros;antebrazo","Tracción de espalda: dorsales como grupo principal; brazos y músculos escapulares secundarios.","https://smartworkout.app/es/biblioteca-ejercicios/espalda/jalon-de-espalda-en-polea-de-rodillas"
"d41e66cc-4fff-4bd0-a15f-c83b2921c1b4","Dominadas australianas con agarre estrecho en anillas","dorsales","dorsales","trapecio;hombros;biceps","Tracción de espalda: dorsales como grupo principal; brazos y músculos escapulares secundarios.","https://smartworkout.app/es/biblioteca-ejercicios/espalda/dominadas-australianas-con-agarre-estrecho-en-anillas"
"d7984438-e687-43db-ab4b-273e8240438e","Remo con Barra T en Agarre Cerrado","dorsales","dorsales","trapecio;hombros;lumbares","Tracción de espalda: dorsales como grupo principal; brazos y músculos escapulares secundarios.","https://smartworkout.app/es/biblioteca-ejercicios/espalda/remo-con-barra-t-en-agarre-cerrado"
"d8467207-a5b3-4c53-a8e2-e798f1c47e86","Palanca Inversa","dorsales","dorsales","hombros;trapecio;lumbares;pectoral;isquiotibiales;abductores;gluteos;abdomen;oblicuos","Mapa anatómico exacto y énfasis principal de los músculos de origen.","https://smartworkout.app/es/biblioteca-ejercicios/espalda/palanca-inversa"
"d8e77fb2-ebb1-4e7c-8e93-fd397a8c290b","Remo sentado a una mano","dorsales","dorsales","hombros;trapecio","Tracción de espalda: dorsales como grupo principal; brazos y músculos escapulares secundarios.","https://smartworkout.app/es/biblioteca-ejercicios/espalda/remo-sentado-a-una-mano"
"d919d4f3-6cb0-4e11-b70a-3788dcc0a371","Encogimiento con Cable","dorsales","trapecio","","Elevación o retracción escapular de encogimientos: trapecio.","https://smartworkout.app/es/biblioteca-ejercicios/espalda/encogimiento-con-cable"
"ddc441a1-c226-4a9d-8035-40a484173f38","Remo con Barra en Banco Inclinado con Agarre Ancho","dorsales","dorsales","trapecio;hombros","Tracción de espalda: dorsales como grupo principal; brazos y músculos escapulares secundarios.","https://smartworkout.app/es/biblioteca-ejercicios/espalda/remo-con-barra-en-banco-inclinado-con-agarre-ancho"
"e0c03699-b927-4c57-933c-79020ffb2371","Dominadas Asistidas con Banda","dorsales","dorsales","trapecio;hombros;biceps;antebrazo","Tracción de espalda: dorsales como grupo principal; brazos y músculos escapulares secundarios.","https://smartworkout.app/es/biblioteca-ejercicios/espalda/dominadas-asistidas-con-banda"
"e29321c6-7817-48a4-b1af-1cec66a5adb3","Encogimiento Invertido","dorsales","trapecio","antebrazo;pectoral;lumbares;abdomen;hombros;oblicuos;dorsales;abductores;gluteos","Elevación o retracción escapular de encogimientos: trapecio.","https://smartworkout.app/es/biblioteca-ejercicios/espalda/encogimiento-invertido"
"e2b119ab-ec23-4688-9449-535340f3d4f9","Pulóver con mancuerna","dorsales","dorsales","pectoral;triceps;hombros","Mapa anatómico exacto y énfasis principal de los músculos de origen.","https://smartworkout.app/es/biblioteca-ejercicios/espalda/pulover-con-mancuerna"
"e6a23c03-6fd4-41b7-8540-dac14e681294","Elevaciones laterales inclinadas con apoyo en el pecho con mancuernas","dorsales","hombros","trapecio","Elevación lateral del hombro; trapecio secundario.","https://smartworkout.app/es/biblioteca-ejercicios/espalda/elevaciones-laterales-inclinadas-con-apoyo-en-el-pecho-con-mancuernas"
"e6e703e3-77f2-45e1-b211-3cf5aceb0d80","Front Lever: Palanca Frontal","dorsales","dorsales","hombros;trapecio;abdomen;cuadriceps;oblicuos;lumbares;biceps","Mapa anatómico exacto y énfasis principal de los músculos de origen.","https://smartworkout.app/es/biblioteca-ejercicios/espalda/front-lever:-palanca-frontal"
"ed6f4b1d-e657-4a9d-993c-d06254b600e0","Jalón de Dorsales con Cable a Una Mano en Medio Arrodillado","dorsales","dorsales","hombros;trapecio","Tracción de espalda: dorsales como grupo principal; brazos y músculos escapulares secundarios.","https://smartworkout.app/es/biblioteca-ejercicios/espalda/jalon-de-dorsales-con-cable-a-una-mano-en-medio-arrodillado"
"eec04e96-7634-4586-8a5b-c5f333bdac6a","Remo Alto con Palanca a un Brazo","dorsales","dorsales","trapecio;hombros","Tracción de espalda: dorsales como grupo principal; brazos y músculos escapulares secundarios.","https://smartworkout.app/es/biblioteca-ejercicios/espalda/remo-alto-con-palanca-a-un-brazo"
"f904b1f5-72a6-4f15-a37e-abba285cc604","Dominada negativa","dorsales","dorsales","hombros;trapecio;biceps","Tracción de espalda: dorsales como grupo principal; brazos y músculos escapulares secundarios.","https://smartworkout.app/es/biblioteca-ejercicios/espalda/dominada-negativa"
"fcbf09e6-539f-4390-8434-d15d982d55d6","Remo inclinado en Multipower","dorsales","dorsales","trapecio;hombros;antebrazo;biceps","Tracción de espalda: dorsales como grupo principal; brazos y músculos escapulares secundarios.","https://smartworkout.app/es/biblioteca-ejercicios/espalda/remo-inclinado-en-multipower"
"019a870f-c75a-96aa-addc-5bc492b68bc8","Press Militar Tras Nuca con Barra","hombros","hombros","triceps","Mapa anatómico exacto y énfasis principal de los músculos de origen.","https://smartworkout.app/es/biblioteca-ejercicios/hombros/press-militar-tras-nuca-con-barra"
"0349439c-c56e-4bd8-88b9-7bf9b00f3811","Push Press con Mancuernas","hombros","hombros","cuadriceps;abdomen;triceps;abductores;gluteos;oblicuos","Mapa anatómico exacto y énfasis principal de los músculos de origen.","https://smartworkout.app/es/biblioteca-ejercicios/hombros/push-press-con-mancuernas"
"046c9a3a-c89b-436a-ae57-f042aab8ad16","Press de Hombros con Banda Elástica","hombros","hombros","triceps","Mapa anatómico exacto y énfasis principal de los músculos de origen.","https://smartworkout.app/es/biblioteca-ejercicios/hombros/press-de-hombros-con-banda-elastica"
"05047869-eeb1-4c65-948c-0d85715bacae","Elevación Frontal con Disco y Rotación","hombros","hombros","","Mapa anatómico exacto y énfasis principal de los músculos de origen.","https://smartworkout.app/es/biblioteca-ejercicios/hombros/elevacion-frontal-con-disco-y-rotacion"
"08cde7c0-5988-4190-b12b-b0b565d113f6","Círculos de hombros","hombros","hombros","","Mapa anatómico exacto y énfasis principal de los músculos de origen.","https://smartworkout.app/es/biblioteca-ejercicios/hombros/circulos-de-hombros"
"0ad70853-bd66-45d1-bfa2-9f57c2c9fd5f","Elevación Frontal con Mancuerna","hombros","hombros","pectoral","Mapa anatómico exacto y énfasis principal de los músculos de origen.","https://smartworkout.app/es/biblioteca-ejercicios/hombros/elevacion-frontal-con-mancuerna"
"0d99097d-9865-470d-823e-a6170baf0631","Elevación Frontal con Cable","hombros","hombros","pectoral","Mapa anatómico exacto y énfasis principal de los músculos de origen.","https://smartworkout.app/es/biblioteca-ejercicios/hombros/elevacion-frontal-con-cable"
"0ea2687b-5d78-4041-8ad4-66a6a8848da1","Elevación Lateral de un Brazo en Polea","hombros","hombros","","Mapa anatómico exacto y énfasis principal de los músculos de origen.","https://smartworkout.app/es/biblioteca-ejercicios/hombros/elevacion-lateral-de-un-brazo-en-polea"
"12838e78-2632-4e2b-87c9-3926e86a7e1a","Elevación Lateral con Mancuernas Sentado","hombros","hombros","","Mapa anatómico exacto y énfasis principal de los músculos de origen.","https://smartworkout.app/es/biblioteca-ejercicios/hombros/elevacion-lateral-con-mancuernas-sentado"
"19862249-cbd3-4104-bcc0-b5ad1c21bd73","Push press con barra","hombros","hombros","cuadriceps;pectoral;pantorrillas;abductores;gluteos;abdomen;triceps;oblicuos","Mapa anatómico exacto y énfasis principal de los músculos de origen.","https://smartworkout.app/es/biblioteca-ejercicios/hombros/push-press-con-barra"
"1a6fdebd-5789-415d-9724-bda20c1c846e","Plancha Abierta","hombros","hombros","pectoral;abdomen;antebrazo;biceps;dorsales;oblicuos;triceps;lumbares;gluteos;trapecio;abductores;isquiotibiales","Mapa anatómico exacto y énfasis principal de los músculos de origen.","https://smartworkout.app/es/biblioteca-ejercicios/hombros/plancha-abierta"
"1b12da4f-fdea-458c-a3dc-d630bc297639","Press Cubano Sentado","hombros","hombros","trapecio","Mapa anatómico exacto y énfasis principal de los músculos de origen.","https://smartworkout.app/es/biblioteca-ejercicios/hombros/press-cubano-sentado"
"1bf3fec3-3ec8-48b8-bb5c-7439876c7aab","Press de hombro a un brazo con mancuerna","hombros","hombros","","Mapa anatómico exacto y énfasis principal de los músculos de origen.","https://smartworkout.app/es/biblioteca-ejercicios/hombros/press-de-hombro-a-un-brazo-con-mancuerna"
"20afacad-4d93-423b-8d48-7fd05134b702","Elevación Frontal con Cable a un Brazo","hombros","hombros","","Mapa anatómico exacto y énfasis principal de los músculos de origen.","https://smartworkout.app/es/biblioteca-ejercicios/hombros/elevacion-frontal-con-cable-a-un-brazo"
"241b716d-5fcd-42ca-b987-5e78239d4ea2","Elevación Lateral con Mancuernas Inclinado","hombros","hombros","trapecio","Mapa anatómico exacto y énfasis principal de los músculos de origen.","https://smartworkout.app/es/biblioteca-ejercicios/hombros/elevacion-lateral-con-mancuernas-inclinado"
"247e913a-57cb-f102-d432-77de609ce049","Press militar con barra","hombros","hombros","triceps;pectoral","Mapa anatómico exacto y énfasis principal de los músculos de origen.","https://smartworkout.app/es/biblioteca-ejercicios/hombros/press-militar-con-barra"
"29e65c0c-5a3f-48e8-b423-cdbe9fef77fa","Lever Seated Hammer Grip Shoulder Press: Press de Hombros con Agarre Martillo en Máquina Sentado","hombros","hombros","triceps","Mapa anatómico exacto y énfasis principal de los músculos de origen.","https://smartworkout.app/es/biblioteca-ejercicios/hombros/lever-seated-hammer-grip-shoulder-press:-press-de-hombros-con-agarre-martillo-en-maquina-sentado"
"2a9fd936-4875-4004-bea8-6f4f78081174","Flexión Pike entre Bancos","hombros","hombros","triceps;pectoral","Mapa anatómico exacto y énfasis principal de los músculos de origen.","https://smartworkout.app/es/biblioteca-ejercicios/hombros/flexion-pike-entre-bancos"
"2f8af6f8-5cd3-821e-ec81-1314359d9cfc","Remo Vertical con Agarre Estrecho en Polea","hombros","hombros","trapecio","Mapa anatómico exacto y énfasis principal de los músculos de origen.","https://smartworkout.app/es/biblioteca-ejercicios/hombros/remo-vertical-con-agarre-estrecho-en-polea"
"332334b6-3d1e-4eec-be3b-3fcf6b297ca7","Elevación Lateral a Frontal","hombros","hombros","","Mapa anatómico exacto y énfasis principal de los músculos de origen.","https://smartworkout.app/es/biblioteca-ejercicios/hombros/elevacion-lateral-a-frontal"
"36aff52a-c857-736a-ba6a-ccde6027fd61","Elevación en T con Mancuernas en Banco Inclinado","hombros","hombros","trapecio","Mapa anatómico exacto y énfasis principal de los músculos de origen.","https://smartworkout.app/es/biblioteca-ejercicios/hombros/elevacion-en-t-con-mancuernas-en-banco-inclinado"
"3ac761ff-672b-488c-bd22-3ded2b757e13","Jalón de Cara con Cable en Supinación","hombros","hombros","trapecio;biceps","Movimiento dirigido al deltoides posterior y estabilizadores del hombro.","https://smartworkout.app/es/biblioteca-ejercicios/hombros/jalon-de-cara-con-cable-en-supinacion"
"3ba7a9b4-88ba-4390-9593-de658b6668e6","Rotación Cubana con Mancuernas","hombros","hombros","","Mapa anatómico exacto y énfasis principal de los músculos de origen.","https://smartworkout.app/es/biblioteca-ejercicios/hombros/rotacion-cubana-con-mancuernas"
"3c28f1b2-7cb3-4c6a-9d73-64730de893e6","Jalón al Rostro Sentado","hombros","hombros","trapecio","Movimiento dirigido al deltoides posterior y estabilizadores del hombro.","https://smartworkout.app/es/biblioteca-ejercicios/hombros/jalon-al-rostro-sentado"
"3c8b1675-4705-4572-9855-3ee077946aa3","Rotación con Kettlebell Alrededor de la Cabeza","hombros","hombros","trapecio;pectoral","Mapa anatómico exacto y énfasis principal de los músculos de origen.","https://smartworkout.app/es/biblioteca-ejercicios/hombros/rotacion-con-kettlebell-alrededor-de-la-cabeza"
"456473b0-442a-434b-8e07-b1a71872b489","Press de hombros con mancuernas de pie","hombros","hombros","triceps","Mapa anatómico exacto y énfasis principal de los músculos de origen.","https://smartworkout.app/es/biblioteca-ejercicios/hombros/press-de-hombros-con-mancuernas-de-pie"
"46527a53-629e-4e6c-b4f4-986143756493","Jalón de cara con cable acostado","hombros","hombros","trapecio","Movimiento dirigido al deltoides posterior y estabilizadores del hombro.","https://smartworkout.app/es/biblioteca-ejercicios/hombros/jalon-de-cara-con-cable-acostado"
"47842d2f-f208-4c29-ad46-f54b54963d06","Plancha Completa","hombros","hombros","oblicuos;biceps;abdomen;triceps;lumbares;pectoral;antebrazo;gluteos;dorsales;isquiotibiales;trapecio","Mapa anatómico exacto y énfasis principal de los músculos de origen.","https://smartworkout.app/es/biblioteca-ejercicios/hombros/plancha-completa"
"4ff906b4-b05c-4e2b-b20b-b55d2a60321a","Lanzamiento de balón medicinal","hombros","hombros","dorsales;abdomen","Mapa anatómico exacto y énfasis principal de los músculos de origen.","https://smartworkout.app/es/biblioteca-ejercicios/hombros/lanzamiento-de-balon-medicinal"
"56c729a9-e650-4668-bd71-47eae8fc9efa","Flexión pica entre sillas","hombros","hombros","triceps;pectoral","Mapa anatómico exacto y énfasis principal de los músculos de origen.","https://smartworkout.app/es/biblioteca-ejercicios/hombros/flexion-pica-entre-sillas"
"5847de4c-699f-4a50-a7a8-3815f8ddaf49","Jalón de Cara con Cable","hombros","hombros","trapecio","Movimiento dirigido al deltoides posterior y estabilizadores del hombro.","https://smartworkout.app/es/biblioteca-ejercicios/hombros/jalon-de-cara-con-cable"
"5a4288af-d6e5-1b30-d668-4a6e3b55b399","Remo Vertical con Barra y Agarre Ancho","hombros","hombros","","Mapa anatómico exacto y énfasis principal de los músculos de origen.","https://smartworkout.app/es/biblioteca-ejercicios/hombros/remo-vertical-con-barra-y-agarre-ancho"
"5b2bdea5-ceee-a837-596c-fd2f6138ffff","Press de Hombros con Mancuernas Sentado","hombros","hombros","","Mapa anatómico exacto y énfasis principal de los músculos de origen.","https://smartworkout.app/es/biblioteca-ejercicios/hombros/press-de-hombros-con-mancuernas-sentado"
"5ee2a3f3-0b7a-7527-b3ee-d7d87664862b","Aperturas Inversas en Máquina","hombros","hombros","trapecio","Mapa anatómico exacto y énfasis principal de los músculos de origen.","https://smartworkout.app/es/biblioteca-ejercicios/hombros/aperturas-inversas-en-maquina"
"603caf54-423d-4715-89ac-d1b4b499107a","Press de hombro de pie con barra en tierra a un brazo","hombros","hombros","triceps;pectoral","Mapa anatómico exacto y énfasis principal de los músculos de origen.","https://smartworkout.app/es/biblioteca-ejercicios/hombros/press-de-hombro-de-pie-con-barra-en-tierra-a-un-brazo"
"62d8e1ae-e1fa-44f0-a2f0-8ad732d30942","Press de Hombros con Mancuerna en Medio Arrodillado","hombros","hombros","triceps","Mapa anatómico exacto y énfasis principal de los músculos de origen.","https://smartworkout.app/es/biblioteca-ejercicios/hombros/press-de-hombros-con-mancuerna-en-medio-arrodillado"
"65e0d493-ff1c-4492-a82a-109167974678","Press de Hombro con Mancuerna en Medio Arrodillado","hombros","hombros","","Mapa anatómico exacto y énfasis principal de los músculos de origen.","https://smartworkout.app/es/biblioteca-ejercicios/hombros/press-de-hombro-con-mancuerna-en-medio-arrodillado"
"68152684-1e2f-1ffb-39dc-fd1c741f63ac","Remo Vertical con Barra de Agarre Estrecho","hombros","hombros","","Mapa anatómico exacto y énfasis principal de los músculos de origen.","https://smartworkout.app/es/biblioteca-ejercicios/hombros/remo-vertical-con-barra-de-agarre-estrecho"
"6b0ffef6-8dd1-4b89-999a-a11d85d9e16f","Press de hombros en máquina","hombros","hombros","pectoral;triceps","Mapa anatómico exacto y énfasis principal de los músculos de origen.","https://smartworkout.app/es/biblioteca-ejercicios/hombros/press-de-hombros-en-maquina"
"6d2a3622-980f-4d8f-aa00-852652cdd1d5","Paso de Banda a través de los Hombros","hombros","hombros","pectoral","Mapa anatómico exacto y énfasis principal de los músculos de origen.","https://smartworkout.app/es/biblioteca-ejercicios/hombros/paso-de-banda-a-traves-de-los-hombros"
"70322856-de83-4f89-b6ab-71c40159d7ed","Corte de Leñador con Peso","hombros","oblicuos","hombros;abdomen","Rotación del tronco; estaba en hombros.","https://smartworkout.app/es/biblioteca-ejercicios/hombros/corte-de-lenador-con-peso"
"7074ca94-a20d-cfa8-7702-b59e4bd31ab9","Remo con mancuernas de pie","hombros","hombros","trapecio","Mapa anatómico exacto y énfasis principal de los músculos de origen.","https://smartworkout.app/es/biblioteca-ejercicios/hombros/remo-con-mancuernas-de-pie"
"720a8f79-75aa-4d96-ae21-e94b863d7990","Aperturas posteriores con mancuernas acostado","hombros","hombros","","Mapa anatómico exacto y énfasis principal de los músculos de origen.","https://smartworkout.app/es/biblioteca-ejercicios/hombros/aperturas-posteriores-con-mancuernas-acostado"
"7405282a-c2f6-480a-bf83-5c97dc70cb99","Plancha Frontal Estática","hombros","abdomen","hombros;triceps;pectoral","Plancha para estabilidad del tronco; estaba en hombros.","https://smartworkout.app/es/biblioteca-ejercicios/hombros/plancha-frontal-estatica"
"74f431ee-7721-4f2e-808b-2c8bd51dc916","Cargada y Envión con Kettlebell","hombros","hombros","cuadriceps;gluteos;lumbares;isquiotibiales;abdomen;pectoral;oblicuos;trapecio;dorsales;biceps;pantorrillas;antebrazo","Mapa anatómico exacto y énfasis principal de los músculos de origen.","https://smartworkout.app/es/biblioteca-ejercicios/hombros/cargada-y-envion-con-kettlebell"
"76a20735-d6c9-7b27-c19e-6c2cf4a40bad","Elevación Frontal Alternada con Mancuernas en Martillo","hombros","hombros","pectoral","Mapa anatómico exacto y énfasis principal de los músculos de origen.","https://smartworkout.app/es/biblioteca-ejercicios/hombros/elevacion-frontal-alternada-con-mancuernas-en-martillo"
"77e949b2-df71-4560-b72c-f79eaa7966dc","Rotación Externa de Hombro Sentado","hombros","hombros","","Mapa anatómico exacto y énfasis principal de los músculos de origen.","https://smartworkout.app/es/biblioteca-ejercicios/hombros/rotacion-externa-de-hombro-sentado"
"7a4f1acb-f378-4229-8a37-e7f72ae6d3cd","Conductor de Disco","hombros","hombros","","Mapa anatómico exacto y énfasis principal de los músculos de origen.","https://smartworkout.app/es/biblioteca-ejercicios/hombros/conductor-de-disco"
"7a5662a2-c81d-4d1c-83c3-52441ad8e595","Flexión pica","hombros","hombros","triceps;pectoral","Mapa anatómico exacto y énfasis principal de los músculos de origen.","https://smartworkout.app/es/biblioteca-ejercicios/hombros/flexion-pica"
"7f6833fb-34c3-4b13-bb42-61b8524a5c09","Jalón facial con anillas","hombros","hombros","trapecio","Movimiento dirigido al deltoides posterior y estabilizadores del hombro.","https://smartworkout.app/es/biblioteca-ejercicios/hombros/jalon-facial-con-anillas"
"845e552e-35b7-8fd4-8ecb-6c03874085cd","Press tras nuca en Multipower sentado","hombros","hombros","pectoral;triceps","Mapa anatómico exacto y énfasis principal de los músculos de origen.","https://smartworkout.app/es/biblioteca-ejercicios/hombros/press-tras-nuca-en-multipower-sentado"
"84cbac23-7756-4eb3-9363-cbb2f6347d8a","Elevación Powell en Inclinación","hombros","hombros","trapecio","Mapa anatómico exacto y énfasis principal de los músculos de origen.","https://smartworkout.app/es/biblioteca-ejercicios/hombros/elevacion-powell-en-inclinacion"
"85666015-efc0-4b27-bae5-5dbb6fefc5eb","Press Cubano de Pie","hombros","hombros","antebrazo;biceps;triceps;trapecio","Mapa anatómico exacto y énfasis principal de los músculos de origen.","https://smartworkout.app/es/biblioteca-ejercicios/hombros/press-cubano-de-pie"
"85ee1bd7-ae5f-43ea-bef2-590f3e7e75ff","Remo Vertical con Barra y Agarre de Hombros","hombros","hombros","biceps;antebrazo","Mapa anatómico exacto y énfasis principal de los músculos de origen.","https://smartworkout.app/es/biblioteca-ejercicios/hombros/remo-vertical-con-barra-y-agarre-de-hombros"
"876b0346-eb4e-4ca7-beda-b5825c8e622d","Apertura posterior de deltoides con un brazo","hombros","hombros","trapecio","Movimiento dirigido al deltoides posterior y estabilizadores del hombro.","https://smartworkout.app/es/biblioteca-ejercicios/hombros/apertura-posterior-de-deltoides-con-un-brazo"
"8829eb3f-8a44-45c4-8a1b-038acb0e257d","Apertura Inversa en Polea para Deltoides Posterior","hombros","hombros","trapecio","Movimiento dirigido al deltoides posterior y estabilizadores del hombro.","https://smartworkout.app/es/biblioteca-ejercicios/hombros/apertura-inversa-en-polea-para-deltoides-posterior"
"88d568f5-de3e-4be1-b97d-265e802c6c1a","Círculo de Brazo","hombros","hombros","","Mapa anatómico exacto y énfasis principal de los músculos de origen.","https://smartworkout.app/es/biblioteca-ejercicios/hombros/circulo-de-brazo"
"890ca0c8-ff8d-4f2b-ad34-d9743118bfee","Remo Alto Inclinado Sentado con Mancuernas","hombros","hombros","trapecio;dorsales","Remo alto dirigido a deltoides posteriores.","https://smartworkout.app/es/biblioteca-ejercicios/hombros/remo-alto-inclinado-sentado-con-mancuernas"
"8a18f1cb-5ada-4456-8957-7eafa50d731d","Elevación lateral inclinado con cable a un brazo","hombros","hombros","trapecio","Mapa anatómico exacto y énfasis principal de los músculos de origen.","https://smartworkout.app/es/biblioteca-ejercicios/hombros/elevacion-lateral-inclinado-con-cable-a-un-brazo"
"8a6508f0-65fa-4c20-9e1a-c8905b232b15","Elevación Frontal con Barra","hombros","hombros","","Mapa anatómico exacto y énfasis principal de los músculos de origen.","https://smartworkout.app/es/biblioteca-ejercicios/hombros/elevacion-frontal-con-barra"
"94c21e20-4a05-866d-b727-5c67cca61b47","Press de Arnold con mancuernas sentado","hombros","hombros","triceps","Mapa anatómico exacto y énfasis principal de los músculos de origen.","https://smartworkout.app/es/biblioteca-ejercicios/hombros/press-de-arnold-con-mancuernas-sentado"
"9532a115-3b01-43cf-96bb-f8c07cee7089","Elevación Lateral con Cable a un Brazo","hombros","hombros","","Mapa anatómico exacto y énfasis principal de los músculos de origen.","https://smartworkout.app/es/biblioteca-ejercicios/hombros/elevacion-lateral-con-cable-a-un-brazo"
"959aee3c-69de-4978-9332-2f6dbca6f4f9","Elevación Lateral con Banda","hombros","hombros","","Mapa anatómico exacto y énfasis principal de los músculos de origen.","https://smartworkout.app/es/biblioteca-ejercicios/hombros/elevacion-lateral-con-banda"
"98055ba3-3b26-463f-8ed8-ef7f2811bede","Press de Hombros Alterno de Pie con Mancuernas","hombros","hombros","","Mapa anatómico exacto y énfasis principal de los músculos de origen.","https://smartworkout.app/es/biblioteca-ejercicios/hombros/press-de-hombros-alterno-de-pie-con-mancuernas"
"9a222d45-d75c-4f48-9542-e97f8fd15833","Elevación Lateral con Barra T en Suelo","hombros","hombros","pectoral;trapecio","Mapa anatómico exacto y énfasis principal de los músculos de origen.","https://smartworkout.app/es/biblioteca-ejercicios/hombros/elevacion-lateral-con-barra-t-en-suelo"
"9b1d4ec9-e0b9-415a-96c2-cf24f3bb9e77","Jalón facial con banda","hombros","hombros","trapecio","Movimiento dirigido al deltoides posterior y estabilizadores del hombro.","https://smartworkout.app/es/biblioteca-ejercicios/hombros/jalon-facial-con-banda"
"9c1ee795-e406-4b2e-872b-d9c7edc487dd","Flexión de Brazos en Parada de Manos","hombros","hombros","triceps;dorsales;oblicuos;pectoral;abdomen","Mapa anatómico exacto y énfasis principal de los músculos de origen.","https://smartworkout.app/es/biblioteca-ejercicios/hombros/flexion-de-brazos-en-parada-de-manos"
"9e5a71b9-7cdb-4090-83bd-efa2f49a418f","Apertura Inclinada con Mancuernas Alterna","hombros","hombros","trapecio","Mapa anatómico exacto y énfasis principal de los músculos de origen.","https://smartworkout.app/es/biblioteca-ejercicios/hombros/apertura-inclinada-con-mancuernas-alterna"
"9e7623dc-d10b-4816-a0f5-810a372a4e6a","Elevación lateral con mancuerna a un brazo inclinado con apoyo","hombros","hombros","trapecio","Mapa anatómico exacto y énfasis principal de los músculos de origen.","https://smartworkout.app/es/biblioteca-ejercicios/hombros/elevacion-lateral-con-mancuerna-a-un-brazo-inclinado-con-apoyo"
"a0b86085-81e0-4078-a297-68e3d6796c4e","Elevación en Y con Cable en Inclinación con Soporte de Espalda","hombros","hombros","trapecio","Mapa anatómico exacto y énfasis principal de los músculos de origen.","https://smartworkout.app/es/biblioteca-ejercicios/hombros/elevacion-en-y-con-cable-en-inclinacion-con-soporte-de-espalda"
"a651bd8e-9d5d-40be-b1d9-766081a4b34a","Elevación frontal con disco","hombros","hombros","","Mapa anatómico exacto y énfasis principal de los músculos de origen.","https://smartworkout.app/es/biblioteca-ejercicios/hombros/elevacion-frontal-con-disco"
"a95a114d-0ac6-13ac-2650-6442fd9c85af","Elevación Lateral con Mancuernas Inclinado Sentado","hombros","hombros","trapecio;dorsales","Mapa anatómico exacto y énfasis principal de los músculos de origen.","https://smartworkout.app/es/biblioteca-ejercicios/hombros/elevacion-lateral-con-mancuernas-inclinado-sentado"
"aa23e750-8055-4c34-9775-6548001cfc3e","Elevación Lateral Inclinada con Mancuerna a Un Brazo","hombros","hombros","","Mapa anatómico exacto y énfasis principal de los músculos de origen.","https://smartworkout.app/es/biblioteca-ejercicios/hombros/elevacion-lateral-inclinada-con-mancuerna-a-un-brazo"
"aac60f2b-2a58-6e5c-a473-fa6b1954a997","Elevación lateral con cable","hombros","hombros","","Mapa anatómico exacto y énfasis principal de los músculos de origen.","https://smartworkout.app/es/biblioteca-ejercicios/hombros/elevacion-lateral-con-cable"
"ac39bb5d-d66c-4660-85ac-3a4255acc5e7","Elevación en Y para Trapecio","hombros","trapecio","hombros","Elevación Y dirigida al trapecio.","https://smartworkout.app/es/biblioteca-ejercicios/hombros/elevacion-en-y-para-trapecio"
"ac407cf0-cc32-47ea-a68f-bf21017a15d1","Remo Vertical con Banda","hombros","hombros","","Mapa anatómico exacto y énfasis principal de los músculos de origen.","https://smartworkout.app/es/biblioteca-ejercicios/hombros/remo-vertical-con-banda"
"ac965c65-7896-c2f8-4ab2-5bda19534b41","Elevación lateral con mancuernas","hombros","hombros","","Mapa anatómico exacto y énfasis principal de los músculos de origen.","https://smartworkout.app/es/biblioteca-ejercicios/hombros/elevacion-lateral-con-mancuernas"
"ae0322ff-7913-4410-b8fb-4da942ec4783","Elevaciones Laterales con Mancuernas","hombros","hombros","trapecio","Mapa anatómico exacto y énfasis principal de los músculos de origen.","https://smartworkout.app/es/biblioteca-ejercicios/hombros/elevaciones-laterales-con-mancuernas"
"b7f66997-117e-4893-acc6-6ad18adffdb1","Elevación Lateral Poliquin con Mancuernas","hombros","hombros","biceps;antebrazo;triceps","Mapa anatómico exacto y énfasis principal de los músculos de origen.","https://smartworkout.app/es/biblioteca-ejercicios/hombros/elevacion-lateral-poliquin-con-mancuernas"
"b856f495-d868-4b6b-ac13-634bb99709b7","Elevación lateral posterior sentado con cable","hombros","hombros","trapecio;dorsales","Mapa anatómico exacto y énfasis principal de los músculos de origen.","https://smartworkout.app/es/biblioteca-ejercicios/hombros/elevacion-lateral-posterior-sentado-con-cable"
"badf5b19-a932-4d33-9618-467ff540f9c9","Cable Leaning Lateral Raise: Elevación Lateral Inclinada con Cable","hombros","hombros","pectoral","Mapa anatómico exacto y énfasis principal de los músculos de origen.","https://smartworkout.app/es/biblioteca-ejercicios/hombros/cable-leaning-lateral-raise:-elevacion-lateral-inclinada-con-cable"
"bb8bde33-62a0-46c9-9bbf-d11b93374161","Arrancada con mancuerna","hombros","hombros","cuadriceps;abductores;gluteos;isquiotibiales;lumbares;trapecio;pectoral;dorsales;abdomen;oblicuos;adductores;antebrazo;pantorrillas","Mapa anatómico exacto y énfasis principal de los músculos de origen.","https://smartworkout.app/es/biblioteca-ejercicios/hombros/arrancada-con-mancuerna"
"bbf7d889-640a-4032-ad12-7edceed931d3","Remo al mentón en máquina Smith","hombros","hombros","antebrazo","Mapa anatómico exacto y énfasis principal de los músculos de origen.","https://smartworkout.app/es/biblioteca-ejercicios/hombros/remo-al-menton-en-maquina-smith"
"bd7b2836-8bd5-4dd6-8645-2bad2da1c2db","Elevación Lateral con Mancuerna a un Brazo","hombros","hombros","trapecio;antebrazo","Mapa anatómico exacto y énfasis principal de los músculos de origen.","https://smartworkout.app/es/biblioteca-ejercicios/hombros/elevacion-lateral-con-mancuerna-a-un-brazo"
"bfc234b1-e2be-440e-9d4d-02a46e063de3","Elevación Lateral en T con Soporte para Pecho","hombros","hombros","trapecio","Mapa anatómico exacto y énfasis principal de los músculos de origen.","https://smartworkout.app/es/biblioteca-ejercicios/hombros/elevacion-lateral-en-t-con-soporte-para-pecho"
"c1af5fc6-a3be-4467-87f9-b4e8abb1f55e","Conductor de Pie con Mancuerna","hombros","hombros","","Mapa anatómico exacto y énfasis principal de los músculos de origen.","https://smartworkout.app/es/biblioteca-ejercicios/hombros/conductor-de-pie-con-mancuerna"
"c64c25ff-7e50-422e-ba86-ac7e24ddf6e5","Press de Hombro con Kettlebell a Una Mano","hombros","hombros","triceps","Mapa anatómico exacto y énfasis principal de los músculos de origen.","https://smartworkout.app/es/biblioteca-ejercicios/hombros/press-de-hombro-con-kettlebell-a-una-mano"
"c9f28dee-814d-4cef-910a-6161ca46382d","Levantamiento Turco","hombros","hombros","cuadriceps;gluteos;antebrazo;oblicuos;pectoral;trapecio;abdomen;abductores;adductores;isquiotibiales;triceps","Mapa anatómico exacto y énfasis principal de los músculos de origen.","https://smartworkout.app/es/biblioteca-ejercicios/hombros/levantamiento-turco"
"d1da7f1a-1aa7-4798-9a0d-a4eccf36ff5f","Press de Hombro en Medio Arrodillado con Landmine a un Brazo","hombros","hombros","triceps;pectoral","Mapa anatómico exacto y énfasis principal de los músculos de origen.","https://smartworkout.app/es/biblioteca-ejercicios/hombros/press-de-hombro-en-medio-arrodillado-con-landmine-a-un-brazo"
"d37cc65e-3c18-4e39-8ea2-200c4f20e348","Press de Hombros Sentado con Agarre Neutro","hombros","hombros","triceps","Mapa anatómico exacto y énfasis principal de los músculos de origen.","https://smartworkout.app/es/biblioteca-ejercicios/hombros/press-de-hombros-sentado-con-agarre-neutro"
"d447c943-d6c5-488d-add7-a317b6855141","Press de barra en T","hombros","hombros","pectoral;triceps","Mapa anatómico exacto y énfasis principal de los músculos de origen.","https://smartworkout.app/es/biblioteca-ejercicios/hombros/press-de-barra-en-t"
"dc9adb9a-c16a-4447-a2f3-b148be1cc50c","Elevación Frontal Alternada con Mancuernas","hombros","hombros","","Mapa anatómico exacto y énfasis principal de los músculos de origen.","https://smartworkout.app/es/biblioteca-ejercicios/hombros/elevacion-frontal-alternada-con-mancuernas"
"e14931b5-96ce-e1ed-4604-46958f33bd85","Elevación de Powell","hombros","hombros","trapecio","Mapa anatómico exacto y énfasis principal de los músculos de origen.","https://smartworkout.app/es/biblioteca-ejercicios/hombros/elevacion-de-powell"
"e3a29945-88d3-4cb1-83b6-955074911dc4","Apertura Posterior de Deltoides en Polea con un Brazo","hombros","hombros","trapecio","Movimiento dirigido al deltoides posterior y estabilizadores del hombro.","https://smartworkout.app/es/biblioteca-ejercicios/hombros/apertura-posterior-de-deltoides-en-polea-con-un-brazo"
"e58c666b-518c-488c-bac5-b58b6b1fbb62","Flexión Pike en Banco","hombros","hombros","triceps;pectoral","Mapa anatómico exacto y énfasis principal de los músculos de origen.","https://smartworkout.app/es/biblioteca-ejercicios/hombros/flexion-pike-en-banco"
"e5cef725-3790-4842-aa23-8701fd26f543","Estiramiento del Deltoides Posterior","hombros","hombros","","Movimiento dirigido al deltoides posterior y estabilizadores del hombro.","https://smartworkout.app/es/biblioteca-ejercicios/hombros/estiramiento-del-deltoides-posterior"
"e8e7d283-5748-9f5d-7fb6-c25feb431c96","Elevación Lateral en Máquina","hombros","hombros","","Mapa anatómico exacto y énfasis principal de los músculos de origen.","https://smartworkout.app/es/biblioteca-ejercicios/hombros/elevacion-lateral-en-maquina"
"e9421df5-65a2-4fac-8dfa-bf2552e9f755","Remo Posterior para Deltoides con Mancuernas","hombros","hombros","trapecio","Movimiento dirigido al deltoides posterior y estabilizadores del hombro.","https://smartworkout.app/es/biblioteca-ejercicios/hombros/remo-posterior-para-deltoides-con-mancuernas"
"eb8b2096-f9f0-4154-973b-35d9737d50da","Elevación Lateral Posterior en T con Mancuernas en Banco Inclinado","hombros","hombros","trapecio","Mapa anatómico exacto y énfasis principal de los músculos de origen.","https://smartworkout.app/es/biblioteca-ejercicios/hombros/elevacion-lateral-posterior-en-t-con-mancuernas-en-banco-inclinado"
"ef258e02-3b95-4569-9993-b34fabd06cd0","Press de Hombros Sentado en Máquina Smith","hombros","hombros","pectoral;triceps","Mapa anatómico exacto y énfasis principal de los músculos de origen.","https://smartworkout.app/es/biblioteca-ejercicios/hombros/press-de-hombros-sentado-en-maquina-smith"
"effc2800-2625-404d-8a56-3c42c67fa439","Molino con Kettlebell","hombros","oblicuos","hombros;lumbares;gluteos;isquiotibiales;triceps;abdomen","Control lateral y rotacional del tronco.","https://smartworkout.app/es/biblioteca-ejercicios/hombros/molino-con-kettlebell"
"f26239fc-4bed-4f4f-a788-0e08235259a7","Elevación en Y con Cable","hombros","hombros","trapecio","Mapa anatómico exacto y énfasis principal de los músculos de origen.","https://smartworkout.app/es/biblioteca-ejercicios/hombros/elevacion-en-y-con-cable"
"f29a4a3f-4309-4159-9ef1-369beea0eec2","Press de Hombros Tsunami","hombros","hombros","triceps;pectoral","Mapa anatómico exacto y énfasis principal de los músculos de origen.","https://smartworkout.app/es/biblioteca-ejercicios/hombros/press-de-hombros-tsunami"
"f46bcb1e-3eff-49d3-adee-000a1502fd8d","Elevación posterior del deltoides con barra","hombros","hombros","trapecio","Movimiento dirigido al deltoides posterior y estabilizadores del hombro.","https://smartworkout.app/es/biblioteca-ejercicios/hombros/elevacion-posterior-del-deltoides-con-barra"
"f5269fe9-4c03-44b9-a57c-25649650d382","Plancha de Perro de Caza","hombros","abdomen","hombros;triceps;gluteos;trapecio;cuadriceps;oblicuos;lumbares;pectoral;isquiotibiales;abductores","Estabilidad del tronco con apoyos alternos.","https://smartworkout.app/es/biblioteca-ejercicios/hombros/plancha-de-perro-de-caza"
"f6b447b8-ddb6-a278-8b64-aa5ea715ef82","Press de hombros con barra sentado","hombros","hombros","pectoral;triceps;abdomen;oblicuos","Mapa anatómico exacto y énfasis principal de los músculos de origen.","https://smartworkout.app/es/biblioteca-ejercicios/hombros/press-de-hombros-con-barra-sentado"
"fc6c96c9-4445-409c-afd9-f6d42d832492","Ángel en la Pared","hombros","hombros","pectoral;trapecio","Mapa anatómico exacto y énfasis principal de los músculos de origen.","https://smartworkout.app/es/biblioteca-ejercicios/hombros/angel-en-la-pared"
"fcbd7cf4-0be9-4c9f-8f10-fcb81de7a316","Sostén en Parada de Manos","hombros","hombros","trapecio;triceps;abdomen;biceps;oblicuos;gluteos","Mapa anatómico exacto y énfasis principal de los músculos de origen.","https://smartworkout.app/es/biblioteca-ejercicios/hombros/sosten-en-parada-de-manos"
"01259ee3-bdff-47c4-b7dc-e5283ea89e01","Curl de piernas deslizante","gluteos","isquiotibiales","gluteos;pantorrillas;abdomen;lumbares;oblicuos","Flexión de rodilla: isquiotibiales; no bíceps del brazo ni gemelos.","https://smartworkout.app/es/biblioteca-ejercicios/piernas/curl-de-piernas-deslizante"
"02be3155-246f-4620-be93-dbd682d3fbca","Estiramiento de Media Rana Balanceante","gluteos","adductores","isquiotibiales;gluteos","Movilidad de cadera con estiramiento de aductores.","https://smartworkout.app/es/biblioteca-ejercicios/piernas/estiramiento-de-media-rana-balanceante"
"034b85f8-5cf8-4696-9351-f6c4a62f1880","Elevación de tibial anterior de pie","cuadriceps","pantorrillas","","Mapa anatómico exacto y énfasis principal de los músculos de origen.","https://smartworkout.app/es/biblioteca-ejercicios/piernas/elevacion-de-tibial-anterior-de-pie"
"03b44dbb-7517-432a-8906-17069ed494b2","Sentadilla Anderson","gluteos","cuadriceps","gluteos;adductores;lumbares;abductores;oblicuos;isquiotibiales;pantorrillas;abdomen","Patrón de sentadilla, zancada o subida: cuádriceps como grupo principal; conservar glúteos y otros músculos secundarios.","https://smartworkout.app/es/biblioteca-ejercicios/piernas/sentadilla-anderson"
"03d73a15-6288-4c26-922f-dfc877f44128","Sentadilla Pistol","cuadriceps","cuadriceps","gluteos;adductores;isquiotibiales;abductores;pantorrillas","Patrón de sentadilla, zancada o subida: cuádriceps como grupo principal; conservar glúteos y otros músculos secundarios.","https://smartworkout.app/es/biblioteca-ejercicios/piernas/sentadilla-pistol"
"06eba846-19b2-4802-88d2-e49c43184e13","Sentadilla Sissy con Peso Adicional","cuadriceps","cuadriceps","abductores;gluteos;abdomen;oblicuos;adductores;pantorrillas","Patrón de sentadilla, zancada o subida: cuádriceps como grupo principal; conservar glúteos y otros músculos secundarios.","https://smartworkout.app/es/biblioteca-ejercicios/piernas/sentadilla-sissy-con-peso-adicional"
"084947cf-098f-62f2-36b2-41547577e2b8","Prensa de piernas a 45 grados con postura estrecha","cuadriceps","cuadriceps","abductores;gluteos;isquiotibiales","Mapa anatómico exacto y énfasis principal de los músculos de origen.","https://smartworkout.app/es/biblioteca-ejercicios/piernas/prensa-de-piernas-a-45-grados-con-postura-estrecha"
"085cfcf8-548d-44df-8e92-eb9936752382","Elevación de Talones con Barra","pantorrillas","pantorrillas","","Mapa anatómico exacto y énfasis principal de los músculos de origen.","https://smartworkout.app/es/biblioteca-ejercicios/piernas/elevacion-de-talones-con-barra"
"085df570-92e9-46b5-ad8c-fd6650a4a498","Estiramiento de isquiotibiales con una pierna sentado","cuadriceps","isquiotibiales","","Mapa anatómico exacto y énfasis principal de los músculos de origen.","https://smartworkout.app/es/biblioteca-ejercicios/piernas/estiramiento-de-isquiotibiales-con-una-pierna-sentado"
"0bcffb2d-f78d-48b8-a3d8-3b49f166a66f","Media Sentadilla","cuadriceps","cuadriceps","gluteos;isquiotibiales;adductores;lumbares;abdomen;oblicuos","Patrón de sentadilla, zancada o subida: cuádriceps como grupo principal; conservar glúteos y otros músculos secundarios.","https://smartworkout.app/es/biblioteca-ejercicios/piernas/media-sentadilla"
"114ad863-9971-40c3-8108-2a983fe656ae","Peso Muerto con Déficit","gluteos","gluteos","cuadriceps;lumbares;isquiotibiales;abductores;pantorrillas;antebrazo;trapecio;adductores;abdomen;oblicuos;hombros","Peso muerto: clasificar según la variante y conservar los otros músculos de la cadena posterior.","https://smartworkout.app/es/biblioteca-ejercicios/piernas/peso-muerto-con-deficit"
"12c994b1-6251-4d3e-96e6-8186ee6a0afd","Elevación de Talones Sentado con Peso","pantorrillas","pantorrillas","","Mapa anatómico exacto y énfasis principal de los músculos de origen.","https://smartworkout.app/es/biblioteca-ejercicios/piernas/elevacion-de-talones-sentado-con-peso"
"13cc32dc-dbee-4e85-b1e5-ee7fecdbb845","Sentadilla en Silla con Máquina Smith","cuadriceps","cuadriceps","gluteos;isquiotibiales;adductores;lumbares;abdomen;oblicuos","Patrón de sentadilla, zancada o subida: cuádriceps como grupo principal; conservar glúteos y otros músculos secundarios.","https://smartworkout.app/es/biblioteca-ejercicios/piernas/sentadilla-en-silla-con-maquina-smith"
"142bd4e5-6755-42e2-83ad-cbfcf6388dab","Aducción de Cadera Sentado","cuadriceps","adductores","","Aducción de cadera: aductores.","https://smartworkout.app/es/biblioteca-ejercicios/piernas/aduccion-de-cadera-sentado"
"145b65df-1575-4204-852c-0e3f24b29139","Sentadilla con barra","gluteos","cuadriceps","gluteos;adductores;lumbares;abductores;oblicuos;isquiotibiales;pantorrillas;abdomen","Patrón de sentadilla, zancada o subida: cuádriceps como grupo principal; conservar glúteos y otros músculos secundarios.","https://smartworkout.app/es/biblioteca-ejercicios/piernas/sentadilla-con-barra"
"17325fc8-61c6-4697-9fe1-17e7ece44254","Sentadilla en Rack","gluteos","cuadriceps","gluteos;adductores;lumbares;abductores;oblicuos;isquiotibiales;pantorrillas;abdomen","Patrón de sentadilla, zancada o subida: cuádriceps como grupo principal; conservar glúteos y otros músculos secundarios.","https://smartworkout.app/es/biblioteca-ejercicios/piernas/sentadilla-en-rack"
"183cf14a-3214-4b69-8047-c5ddb4fa0f08","Flexión Adelante de Pie","cuadriceps","isquiotibiales","","Mapa anatómico exacto y énfasis principal de los músculos de origen.","https://smartworkout.app/es/biblioteca-ejercicios/piernas/flexion-adelante-de-pie"
"187d7214-9b1e-4f2d-b028-f2aebd561d8b","Prensa de piernas para pantorrillas","pantorrillas","pantorrillas","","Mapa anatómico exacto y énfasis principal de los músculos de origen.","https://smartworkout.app/es/biblioteca-ejercicios/piernas/prensa-de-piernas-para-pantorrillas"
"1dd0ba84-d102-4e5a-ad25-58ebfa8edf9f","Arrancada","cuadriceps","cuadriceps","isquiotibiales;abductores;gluteos;hombros;lumbares;trapecio;pectoral;dorsales;abdomen;oblicuos;adductores;antebrazo;pantorrillas","Mapa anatómico exacto y énfasis principal de los músculos de origen.","https://smartworkout.app/es/biblioteca-ejercicios/piernas/arrancada"
"1f8d0b3c-4924-403e-aea7-4ba4dd085553","Bicicleta estática","cuadriceps","cardio","cuadriceps;abductores;gluteos;isquiotibiales","Actividad cardiovascular: categoría Cardio; conservar los músculos implicados como secundarios.","https://smartworkout.app/es/biblioteca-ejercicios/piernas/bicicleta-estatica"
"1fcb8c2c-1f5c-4623-91b4-5f2f946ade06","Postura de Mariposa Acostada","cuadriceps","adductores","","Mapa anatómico exacto y énfasis principal de los músculos de origen.","https://smartworkout.app/es/biblioteca-ejercicios/piernas/postura-de-mariposa-acostada"
"20890a96-f92a-cfc8-3447-239d273136df","Peso Muerto","gluteos","gluteos","cuadriceps;lumbares;antebrazo;isquiotibiales;abductores;pantorrillas;trapecio;adductores;abdomen;oblicuos;hombros","Peso muerto: clasificar según la variante y conservar los otros músculos de la cadena posterior.","https://smartworkout.app/es/biblioteca-ejercicios/piernas/peso-muerto"
"214c92ad-dfe0-40a9-a697-d492de526d44","Paso al Frente con Barra","cuadriceps","cuadriceps","","Patrón de sentadilla, zancada o subida: cuádriceps como grupo principal; conservar glúteos y otros músculos secundarios.","https://smartworkout.app/es/biblioteca-ejercicios/piernas/paso-al-frente-con-barra"
"2187784c-77b0-4106-9b6f-cd5938da82b8","Elevaciones de pierna con mancuerna","pantorrillas","pantorrillas","","Mapa anatómico exacto y énfasis principal de los músculos de origen.","https://smartworkout.app/es/biblioteca-ejercicios/piernas/elevaciones-de-pierna-con-mancuerna"
"21d66377-bf72-4789-a246-c2e721e7d55c","Sentadilla con barra baja","gluteos","cuadriceps","gluteos;adductores;lumbares;abductores;oblicuos;isquiotibiales;pantorrillas;abdomen","Patrón de sentadilla, zancada o subida: cuádriceps como grupo principal; conservar glúteos y otros músculos secundarios.","https://smartworkout.app/es/biblioteca-ejercicios/piernas/sentadilla-con-barra-baja"
"23d2096a-5a0c-41d7-adc2-698c8e8c60e2","Sentadilla en máquina con cinturón","cuadriceps","cuadriceps","abductores;gluteos","Patrón de sentadilla, zancada o subida: cuádriceps como grupo principal; conservar glúteos y otros músculos secundarios.","https://smartworkout.app/es/biblioteca-ejercicios/piernas/sentadilla-en-maquina-con-cinturon"
"24c4eb14-d625-4ade-bc50-06e096df5e34","Estiramiento de Rodilla al Pecho","gluteos","gluteos","isquiotibiales;abductores","Estiramiento glúteo en flexión de cadera.","https://smartworkout.app/es/biblioteca-ejercicios/piernas/estiramiento-de-rodilla-al-pecho"
"25157430-0a7c-4079-a00d-51a846790596","Arranque de potencia","gluteos","cuadriceps","lumbares;isquiotibiales;gluteos;abdomen;adductores;oblicuos;trapecio;dorsales;hombros;biceps;pantorrillas;antebrazo","Levantamiento olímpico compuesto: extensión de piernas; erectores espinales como estabilizadores secundarios.","https://smartworkout.app/es/biblioteca-ejercicios/piernas/arranque-de-potencia"
"25cbefe9-8ebb-416a-8d6f-cbef5b14a585","Sentadilla con Barra Alta","gluteos","cuadriceps","gluteos;adductores;lumbares;abductores;isquiotibiales;pantorrillas;abdomen;oblicuos","Patrón de sentadilla, zancada o subida: cuádriceps como grupo principal; conservar glúteos y otros músculos secundarios.","https://smartworkout.app/es/biblioteca-ejercicios/piernas/sentadilla-con-barra-alta"
"27149543-dc50-48eb-86f7-022e7ab1b591","Subida al cajón","gluteos","cuadriceps","gluteos;abductores;pantorrillas;adductores","Patrón de sentadilla, zancada o subida: cuádriceps como grupo principal; conservar glúteos y otros músculos secundarios.","https://smartworkout.app/es/biblioteca-ejercicios/piernas/subida-al-cajon"
"279742a1-3b38-489d-adf0-37a9290271d7","Estiramiento de Cuádriceps Acostado","cuadriceps","cuadriceps","","Mapa anatómico exacto y énfasis principal de los músculos de origen.","https://smartworkout.app/es/biblioteca-ejercicios/piernas/estiramiento-de-cuadriceps-acostado"
"2c08c473-5a61-4860-ae61-72380ac9d979","Sentadilla Profunda a Flexión Amplia con Sujeción del Pie","pantorrillas","isquiotibiales","pantorrillas;gluteos","Movilidad y estiramiento en flexión anterior, con foco en isquiotibiales.","https://smartworkout.app/es/biblioteca-ejercicios/piernas/sentadilla-profunda-a-flexion-amplia-con-sujecion-del-pie"
"2cc42ebe-22bc-4b27-9965-6e342ecd4c03","Escaladora","cuadriceps","cardio","cuadriceps;gluteos;pantorrillas;isquiotibiales;abductores;adductores;oblicuos;abdomen","Actividad cardiovascular: categoría Cardio; conservar los músculos implicados como secundarios.","https://smartworkout.app/es/biblioteca-ejercicios/piernas/escaladora"
"2daa9660-5c47-48b6-aa22-cf6e37b411b1","Estiramiento de Cuádriceps de Pie","cuadriceps","cuadriceps","","Mapa anatómico exacto y énfasis principal de los músculos de origen.","https://smartworkout.app/es/biblioteca-ejercicios/piernas/estiramiento-de-cuadriceps-de-pie"
"2f4d0681-8859-4795-9266-4028c6e0171f","Balanceos de Piernas","gluteos","isquiotibiales","gluteos","Mapa anatómico exacto y énfasis principal de los músculos de origen.","https://smartworkout.app/es/biblioteca-ejercicios/piernas/balanceos-de-piernas"
"30fec8f3-59a5-4d4f-9988-972018248c9f","Sentadilla dividida con mancuerna","cuadriceps","cuadriceps","gluteos;abductores","Patrón de sentadilla, zancada o subida: cuádriceps como grupo principal; conservar glúteos y otros músculos secundarios.","https://smartworkout.app/es/biblioteca-ejercicios/piernas/sentadilla-dividida-con-mancuerna"
"325e9215-4fa0-4fe6-b368-cf1ea2827d5b","Sentadilla Sumo con Barra","cuadriceps","cuadriceps","gluteos;abductores;adductores;pantorrillas","Patrón de sentadilla, zancada o subida: cuádriceps como grupo principal; conservar glúteos y otros músculos secundarios.","https://smartworkout.app/es/biblioteca-ejercicios/piernas/sentadilla-sumo-con-barra"
"35cd3180-abe9-417b-aebb-816d8ff6392a","Sentadilla Búlgara con Pie Delantero Elevado","cuadriceps","cuadriceps","gluteos;abductores","Patrón de sentadilla, zancada o subida: cuádriceps como grupo principal; conservar glúteos y otros músculos secundarios.","https://smartworkout.app/es/biblioteca-ejercicios/piernas/sentadilla-bulgara-con-pie-delantero-elevado"
"35fe1fbc-aff9-4328-b105-c648d3e38a1b","Zancadas Caminando con Saco Búlgaro","cuadriceps","cuadriceps","gluteos;isquiotibiales;adductores;abductores","Patrón de sentadilla, zancada o subida: cuádriceps como grupo principal; conservar glúteos y otros músculos secundarios.","https://smartworkout.app/es/biblioteca-ejercicios/piernas/zancadas-caminando-con-saco-bulgaro"
"38577caa-6c93-4a6f-bb44-57a8b7f92de9","Prensa de Piernas con Postura Amplia","cuadriceps","cuadriceps","gluteos;abductores","Mapa anatómico exacto y énfasis principal de los músculos de origen.","https://smartworkout.app/es/biblioteca-ejercicios/piernas/prensa-de-piernas-con-postura-amplia"
"3a1fc73a-3f12-43bb-8f88-5e5b0d1443b8","Rodar el Pie","cuadriceps","pantorrillas","","Mapa anatómico exacto y énfasis principal de los músculos de origen.","https://smartworkout.app/es/biblioteca-ejercicios/piernas/rodar-el-pie"
"3ae8ee86-534c-0824-07b6-e9f105b97c1d","Curl de Piernas Sentado","pantorrillas","isquiotibiales","pantorrillas","Flexión de rodilla: isquiotibiales; no bíceps del brazo ni gemelos.","https://smartworkout.app/es/biblioteca-ejercicios/piernas/curl-de-piernas-sentado"
"3be9dd6e-2749-aa93-a291-4cc48ad59b28","Curl nórdico de isquiotibiales","pantorrillas","isquiotibiales","pantorrillas","Flexión de rodilla: isquiotibiales; no bíceps del brazo ni gemelos.","https://smartworkout.app/es/biblioteca-ejercicios/piernas/curl-nordico-de-isquiotibiales"
"3dbb26db-032a-435d-9e0b-98c587fd4568","Patada de Glúteos en Máquina Smith","cuadriceps","gluteos","isquiotibiales","Extensión de cadera dirigida a glúteos; datos de origen incompletos.","https://smartworkout.app/es/biblioteca-ejercicios/piernas/patada-de-gluteos-en-maquina-smith"
"3ed15c03-1804-4a10-a975-43e21e7cb3d1","Aducción de Cadera con Banda de Resistencia","cuadriceps","adductores","","Aducción de cadera: aductores.","https://smartworkout.app/es/biblioteca-ejercicios/piernas/aduccion-de-cadera-con-banda-de-resistencia"
"3f273f1e-db4b-6f02-e083-92cb6227f20a","Elevación de Talones Sentado","pantorrillas","pantorrillas","","Mapa anatómico exacto y énfasis principal de los músculos de origen.","https://smartworkout.app/es/biblioteca-ejercicios/piernas/elevacion-de-talones-sentado"
"3f65c493-34ba-40ed-9098-b9ffc5e506b2","Sentadilla con mancuernas","cuadriceps","cuadriceps","abductores;gluteos","Patrón de sentadilla, zancada o subida: cuádriceps como grupo principal; conservar glúteos y otros músculos secundarios.","https://smartworkout.app/es/biblioteca-ejercicios/piernas/sentadilla-con-mancuernas"
"4054edee-6167-40a5-b385-59e588bb451d","Curl de Pierna de Pie","cuadriceps","isquiotibiales","","Flexión de rodilla: isquiotibiales; no bíceps del brazo ni gemelos.","https://smartworkout.app/es/biblioteca-ejercicios/piernas/curl-de-pierna-de-pie"
"4241390f-1594-40a6-b067-f30b53b5b364","Extensión Terminal de Rodilla","cuadriceps","cuadriceps","","Mapa anatómico exacto y énfasis principal de los músculos de origen.","https://smartworkout.app/es/biblioteca-ejercicios/piernas/extension-terminal-de-rodilla"
"427c3808-4df4-4b0f-803b-de87e130a135","Sentadilla Búlgara en Máquina Smith","cuadriceps","cuadriceps","abductores;gluteos","Patrón de sentadilla, zancada o subida: cuádriceps como grupo principal; conservar glúteos y otros músculos secundarios.","https://smartworkout.app/es/biblioteca-ejercicios/piernas/sentadilla-bulgara-en-maquina-smith"
"430f3cd3-934c-496d-b4e0-40daceb5c166","Prensa de pierna unilateral","cuadriceps","cuadriceps","isquiotibiales","Mapa anatómico exacto y énfasis principal de los músculos de origen.","https://smartworkout.app/es/biblioteca-ejercicios/piernas/prensa-de-pierna-unilateral"
"4479b851-d92c-4da6-b9b2-885f86680832","Saltar la Cuerda","pantorrillas","cardio","pantorrillas;cuadriceps;isquiotibiales;oblicuos;abductores;gluteos;abdomen","Actividad cardiovascular: categoría Cardio; conservar los músculos implicados como secundarios.","https://smartworkout.app/es/biblioteca-ejercicios/piernas/saltar-la-cuerda"
"47582674-26cc-49c2-a66f-06655b49ab34","Escalada en cinta de correr","cuadriceps","cardio","cuadriceps;gluteos;isquiotibiales;pantorrillas;adductores;abductores","Actividad cardiovascular: categoría Cardio; conservar los músculos implicados como secundarios.","https://smartworkout.app/es/biblioteca-ejercicios/piernas/escalada-en-cinta-de-correr"
"49447a3b-1edb-5947-76e0-1a67e587cee5","Sentadilla Frontal","cuadriceps","cuadriceps","gluteos;lumbares;adductores;abductores;isquiotibiales;abdomen;oblicuos","Patrón de sentadilla, zancada o subida: cuádriceps como grupo principal; conservar glúteos y otros músculos secundarios.","https://smartworkout.app/es/biblioteca-ejercicios/piernas/sentadilla-frontal"
"4a5f1411-75cd-4485-bbcb-d408f76f0a93","Estiramiento de Zancada","cuadriceps","isquiotibiales","cuadriceps","Mapa anatómico exacto y énfasis principal de los músculos de origen.","https://smartworkout.app/es/biblioteca-ejercicios/piernas/estiramiento-de-zancada"
"4abb70b5-85d7-4650-b5ab-b6e32bb37fd8","Sentadilla en Máquina Smith","cuadriceps","cuadriceps","gluteos;abductores","Patrón de sentadilla, zancada o subida: cuádriceps como grupo principal; conservar glúteos y otros músculos secundarios.","https://smartworkout.app/es/biblioteca-ejercicios/piernas/sentadilla-en-maquina-smith"
"4c567ffb-4d07-417a-8142-f9d67088079e","Estiramiento 90 a 90","gluteos","gluteos","cuadriceps;adductores;abductores","Movilidad de rotadores de cadera y glúteos.","https://smartworkout.app/es/biblioteca-ejercicios/piernas/estiramiento-90-a-90"
"5526faf0-d734-42c9-a045-50b31aecd615","Perro Boca Abajo","pantorrillas","isquiotibiales","pantorrillas;abductores;gluteos","Mapa anatómico exacto y énfasis principal de los músculos de origen.","https://smartworkout.app/es/biblioteca-ejercicios/piernas/perro-boca-abajo"
"55c465c9-b72e-4a61-b8ed-d3f8502e0b79","Elevación de Poliquin","cuadriceps","cuadriceps","","Patrón de sentadilla, zancada o subida: cuádriceps como grupo principal; conservar glúteos y otros músculos secundarios.","https://smartworkout.app/es/biblioteca-ejercicios/piernas/elevacion-de-poliquin"
"57512f6d-595f-47a5-ba01-9a8e8dfca5a6","Toque de Rodilla Alta Saltando","pantorrillas","cardio","pantorrillas;cuadriceps","Actividad cardiovascular: categoría Cardio; conservar los músculos implicados como secundarios.","https://smartworkout.app/es/biblioteca-ejercicios/piernas/toque-de-rodilla-alta-saltando"
"5b2ee265-06ea-46a9-8011-a1e875e8eb64","Balanceo de kettlebell con un brazo","gluteos","gluteos","cuadriceps;oblicuos;isquiotibiales;pantorrillas;hombros;trapecio;abdomen","Bisagra de cadera con extensión explosiva, glúteos principales.","https://smartworkout.app/es/biblioteca-ejercicios/piernas/balanceo-de-kettlebell-con-un-brazo"
"5ba385ff-a1f8-44d4-b3a9-f988d2a3ea75","Peso Muerto a Una Pierna","gluteos","isquiotibiales","lumbares;gluteos","Peso muerto: clasificar según la variante y conservar los otros músculos de la cadena posterior.","https://smartworkout.app/es/biblioteca-ejercicios/piernas/peso-muerto-a-una-pierna"
"5bd74809-7a6d-4265-80f1-fc20144a7ebb","Elevación de Talón a Una Pierna","pantorrillas","pantorrillas","","Mapa anatómico exacto y énfasis principal de los músculos de origen.","https://smartworkout.app/es/biblioteca-ejercicios/piernas/elevacion-de-talon-a-una-pierna"
"5bf3ca9d-6d66-49eb-be24-2fcb61b9bda5","Estiramiento de Cuádriceps en Medio Arrodillado","cuadriceps","cuadriceps","","Mapa anatómico exacto y énfasis principal de los músculos de origen.","https://smartworkout.app/es/biblioteca-ejercicios/piernas/estiramiento-de-cuadriceps-en-medio-arrodillado"
"5d7f0882-cb58-4a57-8a64-9c59fb4f81be","Elevación de Pantorrillas en Máquina Rotatoria","pantorrillas","pantorrillas","","Mapa anatómico exacto y énfasis principal de los músculos de origen.","https://smartworkout.app/es/biblioteca-ejercicios/piernas/elevacion-de-pantorrillas-en-maquina-rotatoria"
"5df2c7d2-f24b-4fd4-a358-6155858b088e","Zancadas Caminando con Barra","cuadriceps","cuadriceps","gluteos;abductores;pantorrillas","Patrón de sentadilla, zancada o subida: cuádriceps como grupo principal; conservar glúteos y otros músculos secundarios.","https://smartworkout.app/es/biblioteca-ejercicios/piernas/zancadas-caminando-con-barra"
"5e41d753-27dc-4af1-852f-1ae2eda678c6","Salto con Mancuernas","cuadriceps","cuadriceps","gluteos;isquiotibiales;adductores;abductores;pantorrillas;abdomen;oblicuos","Mapa anatómico exacto y énfasis principal de los músculos de origen.","https://smartworkout.app/es/biblioteca-ejercicios/piernas/salto-con-mancuernas"
"5fb31854-bd36-4046-a30f-8e80462af9a1","Saltos en Caja","gluteos","gluteos","cuadriceps;abductores;adductores","Mapa anatómico exacto y énfasis principal de los músculos de origen.","https://smartworkout.app/es/biblioteca-ejercicios/piernas/saltos-en-caja"
"61242c0e-4fdf-4e41-a4c8-f94caa17f568","Sentadilla Hack en Máquina Smith","cuadriceps","cuadriceps","abductores;gluteos","Patrón de sentadilla, zancada o subida: cuádriceps como grupo principal; conservar glúteos y otros músculos secundarios.","https://smartworkout.app/es/biblioteca-ejercicios/piernas/sentadilla-hack-en-maquina-smith"
"6215e01e-da84-4349-8967-2169e082f469","Elevación de pantorrilla en máquina sentado a una pierna","pantorrillas","pantorrillas","","Mapa anatómico exacto y énfasis principal de los músculos de origen.","https://smartworkout.app/es/biblioteca-ejercicios/piernas/elevacion-de-pantorrilla-en-maquina-sentado-a-una-pierna"
"642e9efb-4dc4-41a7-8e84-56dcea274c86","Hang Power Clean","gluteos","cuadriceps","lumbares;isquiotibiales;gluteos;antebrazo;abdomen;biceps;hombros;oblicuos;trapecio","Levantamiento olímpico compuesto: extensión de piernas; erectores espinales como estabilizadores secundarios.","https://smartworkout.app/es/biblioteca-ejercicios/piernas/hang-power-clean"
"679a7c5d-76aa-4c2e-b43e-8e8915db63f7","Zancadas caminando","cuadriceps","cuadriceps","gluteos;isquiotibiales;adductores;abductores","Patrón de sentadilla, zancada o subida: cuádriceps como grupo principal; conservar glúteos y otros músculos secundarios.","https://smartworkout.app/es/biblioteca-ejercicios/piernas/zancadas-caminando"
"6910eb66-b93d-4fbe-a3ac-a50d9152ddbb","Sentadilla Hack con Barra","cuadriceps","cuadriceps","abductores;gluteos","Patrón de sentadilla, zancada o subida: cuádriceps como grupo principal; conservar glúteos y otros músculos secundarios.","https://smartworkout.app/es/biblioteca-ejercicios/piernas/sentadilla-hack-con-barra"
"691ccaf0-29e9-433a-a849-f27b306b9bea","Sentadilla Búlgara en Smith","cuadriceps","cuadriceps","abductores;gluteos;pantorrillas","Patrón de sentadilla, zancada o subida: cuádriceps como grupo principal; conservar glúteos y otros músculos secundarios.","https://smartworkout.app/es/biblioteca-ejercicios/piernas/sentadilla-bulgara-en-smith"
"69711e18-790f-475f-a845-29932f24c730","Tirón de Arranque","gluteos","cuadriceps","gluteos;trapecio;isquiotibiales;hombros;biceps;lumbares;antebrazo;abdomen;oblicuos;dorsales","Levantamiento olímpico compuesto: extensión de piernas; erectores espinales como estabilizadores secundarios.","https://smartworkout.app/es/biblioteca-ejercicios/piernas/tiron-de-arranque"
"6ab50167-ffb3-bb30-1822-5de93c864367","Sentadilla","cuadriceps","cuadriceps","gluteos;abductores;pantorrillas","Patrón de sentadilla, zancada o subida: cuádriceps como grupo principal; conservar glúteos y otros músculos secundarios.","https://smartworkout.app/es/biblioteca-ejercicios/piernas/sentadilla"
"6b71cec6-7d3c-403f-bc1c-ed0787207ebe","Sentadilla Cossack con mancuernas","cuadriceps","cuadriceps","abductores;gluteos;isquiotibiales;adductores;pantorrillas","Patrón de sentadilla, zancada o subida: cuádriceps como grupo principal; conservar glúteos y otros músculos secundarios.","https://smartworkout.app/es/biblioteca-ejercicios/piernas/sentadilla-cossack-con-mancuernas"
"6c607284-0e60-4b4f-a656-9cafb87f4a9d","Curl de Piernas Acostado con Banda","cuadriceps","isquiotibiales","","Flexión de rodilla: isquiotibiales; no bíceps del brazo ni gemelos.","https://smartworkout.app/es/biblioteca-ejercicios/piernas/curl-de-piernas-acostado-con-banda"
"6dd46aa0-9539-260b-8885-77d56241439b","Zancadas Caminando con Mancuernas","cuadriceps","cuadriceps","gluteos;isquiotibiales;adductores;abductores","Patrón de sentadilla, zancada o subida: cuádriceps como grupo principal; conservar glúteos y otros músculos secundarios.","https://smartworkout.app/es/biblioteca-ejercicios/piernas/zancadas-caminando-con-mancuernas"
"6ded7b8d-f4db-421f-bc3e-827bd7c9df81","Remo Parcial con Barra en Rack","gluteos","lumbares","isquiotibiales;abductores;gluteos;trapecio;dorsales;hombros","Mapa anatómico exacto y énfasis principal de los músculos de origen.","https://smartworkout.app/es/biblioteca-ejercicios/piernas/remo-parcial-con-barra-en-rack"
"6ee19894-3651-9c16-fdd7-39bfe1c755af","Peso Muerto con Piernas Rectas con Barra","gluteos","isquiotibiales","gluteos;antebrazo;lumbares;adductores;abdomen;oblicuos","Peso muerto con piernas rectas: bisagra de cadera dirigida a isquiotibiales; glúteos y lumbares secundarios.","https://smartworkout.app/es/biblioteca-ejercicios/piernas/peso-muerto-con-piernas-rectas-con-barra"
"7132a06f-eea5-4cc1-bbf2-885b384c639c","Thruster con Barra","cuadriceps","cuadriceps","hombros;gluteos;pantorrillas;pectoral;adductores;isquiotibiales;lumbares;triceps;abdomen;oblicuos;antebrazo","Mapa anatómico exacto y énfasis principal de los músculos de origen.","https://smartworkout.app/es/biblioteca-ejercicios/piernas/thruster-con-barra"
"73517ab1-d5d8-4918-a526-df763e16cef7","Elevación de Talones de Pie","pantorrillas","pantorrillas","","Mapa anatómico exacto y énfasis principal de los músculos de origen.","https://smartworkout.app/es/biblioteca-ejercicios/piernas/elevacion-de-talones-de-pie"
"75c7819c-7c7d-4c96-b9c2-aa45e20c4956","Trineo Prowler","cuadriceps","cuadriceps","abductores;gluteos;pantorrillas;isquiotibiales;abdomen;oblicuos","Empuje compuesto con extensión de piernas; no es un remo.","https://smartworkout.app/es/biblioteca-ejercicios/piernas/trineo-prowler"
"75f8962c-e6d5-43d3-be0f-aa9b7ba645d6","Kickboxing","cuadriceps","cardio","cuadriceps;adductores;oblicuos;isquiotibiales;abdomen;lumbares;pantorrillas","Actividad cardiovascular: categoría Cardio; conservar los músculos implicados como secundarios.","https://smartworkout.app/es/biblioteca-ejercicios/piernas/kickboxing"
"78659ec5-a814-4734-9e3d-ee3e784b71b3","Elevaciones de Gemelos en Máquina Smith","pantorrillas","pantorrillas","","Mapa anatómico exacto y énfasis principal de los músculos de origen.","https://smartworkout.app/es/biblioteca-ejercicios/piernas/elevaciones-de-gemelos-en-maquina-smith"
"7a939762-896c-461e-ad6a-88e7be837e7b","Peso Muerto con Barra Hexagonal","cuadriceps","cuadriceps","gluteos;antebrazo;lumbares;isquiotibiales;abductores","Peso muerto: clasificar según la variante y conservar los otros músculos de la cadena posterior.","https://smartworkout.app/es/biblioteca-ejercicios/piernas/peso-muerto-con-barra-hexagonal"
"7ae2d1b0-a634-4374-86e8-a8c48f77e1ee","Sentadilla en la pared","cuadriceps","cuadriceps","gluteos;abductores;isquiotibiales","Mapa anatómico exacto y énfasis principal de los músculos de origen.","https://smartworkout.app/es/biblioteca-ejercicios/piernas/sentadilla-en-la-pared"
"7bdabdd2-8124-40d5-92b7-6038a087bc9b","Sentadilla con mancuerna tipo copa","gluteos","cuadriceps","gluteos;isquiotibiales;abductores;adductores;pantorrillas","Patrón de sentadilla, zancada o subida: cuádriceps como grupo principal; conservar glúteos y otros músculos secundarios.","https://smartworkout.app/es/biblioteca-ejercicios/piernas/sentadilla-con-mancuerna-tipo-copa"
"7cd5b83e-c3b4-4198-9279-01a3a3df4f18","Zancadas Laterales","cuadriceps","cuadriceps","gluteos;abductores;pantorrillas","Patrón de sentadilla, zancada o subida: cuádriceps como grupo principal; conservar glúteos y otros músculos secundarios.","https://smartworkout.app/es/biblioteca-ejercicios/piernas/zancadas-laterales"
"7cf8467c-4519-487c-b41e-7d874d7d3a8f","Sentadilla Búlgara con Barra","cuadriceps","cuadriceps","gluteos;isquiotibiales;adductores;abductores","Patrón de sentadilla, zancada o subida: cuádriceps como grupo principal; conservar glúteos y otros músculos secundarios.","https://smartworkout.app/es/biblioteca-ejercicios/piernas/sentadilla-bulgara-con-barra"
"7eafba6a-d96a-4484-bc61-a6b44d2fcdeb","Sentadilla Búlgara","gluteos","cuadriceps","gluteos;isquiotibiales;adductores;abductores","Patrón de sentadilla, zancada o subida: cuádriceps como grupo principal; conservar glúteos y otros músculos secundarios.","https://smartworkout.app/es/biblioteca-ejercicios/gl%C3%BAteos/sentadilla-bulgara"
"7f462663-6e61-4769-b6e7-348881f9965d","Zancada trasera con kettlebell","gluteos","cuadriceps","gluteos;abductores","Patrón de sentadilla, zancada o subida: cuádriceps como grupo principal; conservar glúteos y otros músculos secundarios.","https://smartworkout.app/es/biblioteca-ejercicios/piernas/zancada-trasera-con-kettlebell"
"8081a73c-ad4d-48a6-830a-d94b5c4148bc","Sentadilla con mancuerna en copa","cuadriceps","cuadriceps","abductores;gluteos","Patrón de sentadilla, zancada o subida: cuádriceps como grupo principal; conservar glúteos y otros músculos secundarios.","https://smartworkout.app/es/biblioteca-ejercicios/piernas/sentadilla-con-mancuerna-en-copa"
"8213817c-7777-4373-bbf6-654fac9db202","Peso muerto con mancuernas y piernas rectas","gluteos","isquiotibiales","gluteos;lumbares;abductores;antebrazo;abdomen;oblicuos;trapecio;pantorrillas","Peso muerto con piernas rectas: bisagra de cadera dirigida a isquiotibiales; glúteos y lumbares secundarios.","https://smartworkout.app/es/biblioteca-ejercicios/piernas/peso-muerto-con-mancuernas-y-piernas-rectas"
"829f1936-4f5c-489f-a084-39bcba74332e","Sentadilla Cossack con Peso","cuadriceps","cuadriceps","isquiotibiales;adductores;gluteos;abductores","Patrón de sentadilla, zancada o subida: cuádriceps como grupo principal; conservar glúteos y otros músculos secundarios.","https://smartworkout.app/es/biblioteca-ejercicios/piernas/sentadilla-cossack-con-peso"
"850e7678-377e-475c-81d9-1f4f8c22d5a0","Zancadas Laterales con Mancuernas","cuadriceps","cuadriceps","adductores;abductores;gluteos","Patrón de sentadilla, zancada o subida: cuádriceps como grupo principal; conservar glúteos y otros músculos secundarios.","https://smartworkout.app/es/biblioteca-ejercicios/piernas/zancadas-laterales-con-mancuernas"
"86bb0542-38ab-469b-b684-77f566141bb7","Sentadilla Cossack","gluteos","cuadriceps","adductores;gluteos;isquiotibiales;abductores","Patrón de sentadilla, zancada o subida: cuádriceps como grupo principal; conservar glúteos y otros músculos secundarios.","https://smartworkout.app/es/biblioteca-ejercicios/piernas/sentadilla-cossack"
"883d8808-3994-4bdf-aef6-ef9413aee9be","Círculos de Cadera","gluteos","adductores","abductores;gluteos","Mapa anatómico exacto y énfasis principal de los músculos de origen.","https://smartworkout.app/es/biblioteca-ejercicios/piernas/circulos-de-cadera"
"8abc41c2-862b-4c51-81df-3a8c341a03d6","Zancadas Inversas con Barra","cuadriceps","cuadriceps","gluteos;pantorrillas","Patrón de sentadilla, zancada o subida: cuádriceps como grupo principal; conservar glúteos y otros músculos secundarios.","https://smartworkout.app/es/biblioteca-ejercicios/piernas/zancadas-inversas-con-barra"
"8ae59cb6-8a70-4eb6-b2b3-35abe8060f0f","Sentadilla Hack en Máquina","cuadriceps","cuadriceps","abductores;gluteos;lumbares;isquiotibiales;pantorrillas;abdomen;oblicuos","Patrón de sentadilla, zancada o subida: cuádriceps como grupo principal; conservar glúteos y otros músculos secundarios.","https://smartworkout.app/es/biblioteca-ejercicios/piernas/sentadilla-hack-en-maquina"
"8cc228e3-8daa-41c4-b1d0-cc89aee5aab6","Sentadilla Sumo","cuadriceps","cuadriceps","gluteos;abductores;adductores;pantorrillas","Patrón de sentadilla, zancada o subida: cuádriceps como grupo principal; conservar glúteos y otros músculos secundarios.","https://smartworkout.app/es/biblioteca-ejercicios/piernas/sentadilla-sumo"
"8fd1b9d5-ad0c-8fa5-da97-dcb248588ef5","Extensión de Piernas en Máquina Sentado","cuadriceps","cuadriceps","","Mapa anatómico exacto y énfasis principal de los músculos de origen.","https://smartworkout.app/es/biblioteca-ejercicios/piernas/extension-de-piernas-en-maquina-sentado"
"9194fcea-dbc9-4db8-b448-96552077dbd1","Zancada lateral pliométrica","cuadriceps","cuadriceps","adductores;oblicuos;abdomen","Patrón de sentadilla, zancada o subida: cuádriceps como grupo principal; conservar glúteos y otros músculos secundarios.","https://smartworkout.app/es/biblioteca-ejercicios/piernas/zancada-lateral-pliometrica"
"91c1d821-bfc9-480e-8aac-7a290587388d","Clean con Kettlebell","gluteos","gluteos","lumbares;isquiotibiales;cuadriceps;adductores;oblicuos;trapecio;antebrazo;dorsales;hombros;abdomen;biceps;pantorrillas","Cargada con kettlebell: extensión explosiva de cadera, con glúteos como grupo principal.","https://smartworkout.app/es/biblioteca-ejercicios/piernas/clean-con-kettlebell"
"9202e88a-111c-40f8-8464-d567a7fff830","Curl de Pierna Unilateral Sentado","cuadriceps","isquiotibiales","","Flexión de rodilla: isquiotibiales; no bíceps del brazo ni gemelos.","https://smartworkout.app/es/biblioteca-ejercicios/piernas/curl-de-pierna-unilateral-sentado"
"925b9508-e34a-44e1-b635-5d6f1b81b9d9","Caminata Monstruo hacia Adelante con Banda","cuadriceps","cuadriceps","abductores;gluteos","Mapa anatómico exacto y énfasis principal de los músculos de origen.","https://smartworkout.app/es/biblioteca-ejercicios/piernas/caminata-monstruo-hacia-adelante-con-banda"
"930a2eec-3f54-4039-ba9b-1560f6774af0","Sentadilla en Máquina Smith a Banco","cuadriceps","cuadriceps","abductores;gluteos","Patrón de sentadilla, zancada o subida: cuádriceps como grupo principal; conservar glúteos y otros músculos secundarios.","https://smartworkout.app/es/biblioteca-ejercicios/piernas/sentadilla-en-maquina-smith-a-banco"
"99704170-da3e-48e5-bb24-33f8193d2892","Aducción de Cadera en Polea","cuadriceps","adductores","","Aducción de cadera: aductores.","https://smartworkout.app/es/biblioteca-ejercicios/piernas/aduccion-de-cadera-en-polea"
"9a7407e7-2e8f-41dc-b5f9-5690124b0ed2","Peso Muerto con Kettlebell","gluteos","gluteos","lumbares;isquiotibiales;abductores;antebrazo;abdomen;oblicuos;trapecio;pantorrillas","Peso muerto: clasificar según la variante y conservar los otros músculos de la cadena posterior.","https://smartworkout.app/es/biblioteca-ejercicios/piernas/peso-muerto-con-kettlebell"
"9b56a5dd-d22c-40cc-a93c-05338cc45585","Elevaciones de Talones de Pie con Mancuernas","pantorrillas","pantorrillas","","Mapa anatómico exacto y énfasis principal de los músculos de origen.","https://smartworkout.app/es/biblioteca-ejercicios/piernas/elevaciones-de-talones-de-pie-con-mancuernas"
"9f0b1b6e-42e5-41a9-a210-2e324d4477dc","Sentadilla con barra en tierra","gluteos","cuadriceps","gluteos;isquiotibiales;adductores;abductores;abdomen;oblicuos","Patrón de sentadilla, zancada o subida: cuádriceps como grupo principal; conservar glúteos y otros músculos secundarios.","https://smartworkout.app/es/biblioteca-ejercicios/piernas/sentadilla-con-barra-en-tierra"
"a34aa557-2803-46e5-8737-a6ff91d32045","Curl de pierna en cable a una pierna","pantorrillas","isquiotibiales","pantorrillas","Flexión de rodilla: isquiotibiales; no bíceps del brazo ni gemelos.","https://smartworkout.app/es/biblioteca-ejercicios/piernas/curl-de-pierna-en-cable-a-una-pierna"
"a457f1e5-43be-459c-8ff4-506218d01411","Balanceo con Kettlebell","cuadriceps","gluteos","cuadriceps;pantorrillas;hombros;trapecio","Bisagra de cadera con extensión explosiva, glúteos principales.","https://smartworkout.app/es/biblioteca-ejercicios/piernas/balanceo-con-kettlebell"
"a464ad90-8802-40ac-bf44-a414b1b504bd","Entrenador Elíptico","gluteos","cardio","cuadriceps;gluteos;isquiotibiales;pantorrillas;biceps;hombros;pectoral;triceps;trapecio;abdomen;dorsales;abductores;oblicuos","Actividad cardiovascular: categoría Cardio; conservar los músculos implicados como secundarios.","https://smartworkout.app/es/biblioteca-ejercicios/piernas/entrenador-eliptico"
"a55493ee-d268-48fb-8a06-1d39576058ad","Elevación de Talones Sentado en Máquina Smith","pantorrillas","pantorrillas","","Mapa anatómico exacto y énfasis principal de los músculos de origen.","https://smartworkout.app/es/biblioteca-ejercicios/piernas/elevacion-de-talones-sentado-en-maquina-smith"
"a560bb3a-883e-444e-9a2d-bfddbfa457fc","Sentadilla Hack Inversa en Máquina","cuadriceps","cuadriceps","abductores;gluteos","Patrón de sentadilla, zancada o subida: cuádriceps como grupo principal; conservar glúteos y otros músculos secundarios.","https://smartworkout.app/es/biblioteca-ejercicios/piernas/sentadilla-hack-inversa-en-maquina"
"a5638dab-bc86-49ea-9940-f5423864f62b","Sentadilla pistol asistida","cuadriceps","cuadriceps","gluteos;adductores;isquiotibiales;abductores;pantorrillas","Patrón de sentadilla, zancada o subida: cuádriceps como grupo principal; conservar glúteos y otros músculos secundarios.","https://smartworkout.app/es/biblioteca-ejercicios/piernas/sentadilla-pistol-asistida"
"a62eced5-a72a-4f57-b1b2-5b0e4bf17475","Sentadilla Frontal con Pin","cuadriceps","cuadriceps","gluteos;lumbares;adductores;abductores;isquiotibiales;abdomen;oblicuos","Patrón de sentadilla, zancada o subida: cuádriceps como grupo principal; conservar glúteos y otros músculos secundarios.","https://smartworkout.app/es/biblioteca-ejercicios/piernas/sentadilla-frontal-con-pin"
"a63c8518-6ecd-44df-a7ce-20fc9957bc6a","Subida al Banco con Mancuernas","cuadriceps","cuadriceps","gluteos;abductores","Patrón de sentadilla, zancada o subida: cuádriceps como grupo principal; conservar glúteos y otros músculos secundarios.","https://smartworkout.app/es/biblioteca-ejercicios/piernas/subida-al-banco-con-mancuernas"
"a73c52dc-e7cc-4775-8a59-5b2277bf9697","Elevación de cadera en Multipower de rodillas","gluteos","gluteos","cuadriceps;abductores","Extensión de cadera con foco glúteo.","https://smartworkout.app/es/biblioteca-ejercicios/piernas/elevacion-de-cadera-en-multipower-de-rodillas"
"a832b1f9-ffc0-43e6-80e4-2dea898f0f21","Zancada Inversa","gluteos","cuadriceps","gluteos;abductores","Patrón de sentadilla, zancada o subida: cuádriceps como grupo principal; conservar glúteos y otros músculos secundarios.","https://smartworkout.app/es/biblioteca-ejercicios/piernas/zancada-inversa"
"ab1ace4a-9520-4b39-bc9b-20f63d191e11","Salto de longitud","cuadriceps","cuadriceps","gluteos;pantorrillas;isquiotibiales;abdomen;abductores;oblicuos","Mapa anatómico exacto y énfasis principal de los músculos de origen.","https://smartworkout.app/es/biblioteca-ejercicios/piernas/salto-de-longitud"
"ab969cd9-46c9-4a4b-aeb8-fb18b3a812d2","Sentadilla de arranque","cuadriceps","cuadriceps","lumbares;isquiotibiales;gluteos;abdomen;adductores;oblicuos;trapecio;dorsales;hombros;biceps;pantorrillas;antebrazo","Patrón de sentadilla, zancada o subida: cuádriceps como grupo principal; conservar glúteos y otros músculos secundarios.","https://smartworkout.app/es/biblioteca-ejercicios/piernas/sentadilla-de-arranque"
"abefa761-e360-4522-b9cb-98982266c699","Estiramiento de Cuádriceps Acostado de Lado","cuadriceps","cuadriceps","","Mapa anatómico exacto y énfasis principal de los músculos de origen.","https://smartworkout.app/es/biblioteca-ejercicios/piernas/estiramiento-de-cuadriceps-acostado-de-lado"
"ae567a85-61b5-4329-a26f-3b1894e59f6d","Postura del Lagarto","gluteos","cuadriceps","isquiotibiales;adductores;gluteos","Estiramiento de flexores de cadera y cuádriceps; isquiotibiales secundarios.","https://smartworkout.app/es/biblioteca-ejercicios/piernas/postura-del-lagarto"
"b119509d-00e5-45f4-b7a5-2aa4a5da4d0f","Sentadilla Búlgara con Salto","cuadriceps","cuadriceps","abductores;gluteos","Patrón de sentadilla, zancada o subida: cuádriceps como grupo principal; conservar glúteos y otros músculos secundarios.","https://smartworkout.app/es/biblioteca-ejercicios/piernas/sentadilla-bulgara-con-salto"
"b3e21bcc-e194-4323-a27c-7e960c617bea","Rana Balanceante","gluteos","adductores","abductores;gluteos","Mapa anatómico exacto y énfasis principal de los músculos de origen.","https://smartworkout.app/es/biblioteca-ejercicios/piernas/rana-balanceante"
"b7ec6aa3-d3da-4b35-974a-c50c7eb08794","Elevaciones de Gemelos en Smith","pantorrillas","pantorrillas","trapecio","Mapa anatómico exacto y énfasis principal de los músculos de origen.","https://smartworkout.app/es/biblioteca-ejercicios/piernas/elevaciones-de-gemelos-en-smith"
"b88ce237-ce60-4b9d-891d-a1d628983960","Sentadilla Frontal en Máquina Smith","cuadriceps","cuadriceps","gluteos;lumbares;adductores;abductores;isquiotibiales;abdomen;oblicuos","Patrón de sentadilla, zancada o subida: cuádriceps como grupo principal; conservar glúteos y otros músculos secundarios.","https://smartworkout.app/es/biblioteca-ejercicios/piernas/sentadilla-frontal-en-maquina-smith"
"b9fc3c2b-b68b-4c94-bd08-2b28b7359bbb","Sentadilla Zercher","cuadriceps","cuadriceps","abductores;gluteos","Patrón de sentadilla, zancada o subida: cuádriceps como grupo principal; conservar glúteos y otros músculos secundarios.","https://smartworkout.app/es/biblioteca-ejercicios/piernas/sentadilla-zercher"
"ba99f018-cb2a-48e9-b48b-57046f791ba7","Burpee","cuadriceps","cardio","cuadriceps;pectoral;gluteos;triceps;hombros;pantorrillas;abductores;abdomen;oblicuos;adductores","Actividad cardiovascular: categoría Cardio; conservar los músculos implicados como secundarios.","https://smartworkout.app/es/biblioteca-ejercicios/piernas/burpee"
"baa210b0-158a-4191-acff-8d7db7928a05","Sentadilla Zercher en Máquina Smith","cuadriceps","cuadriceps","abductores;gluteos","Patrón de sentadilla, zancada o subida: cuádriceps como grupo principal; conservar glúteos y otros músculos secundarios.","https://smartworkout.app/es/biblioteca-ejercicios/piernas/sentadilla-zercher-en-maquina-smith"
"bd178421-8e50-40b1-a843-43b82b55c393","Superman","gluteos","lumbares","gluteos;isquiotibiales;hombros;trapecio;abductores","Mapa anatómico exacto y énfasis principal de los músculos de origen.","https://smartworkout.app/es/biblioteca-ejercicios/piernas/superman"
"bd750d56-64a0-4e9f-87c9-b1408246238e","Estiramiento de mariposa","cuadriceps","adductores","","Mapa anatómico exacto y énfasis principal de los músculos de origen.","https://smartworkout.app/es/biblioteca-ejercicios/piernas/estiramiento-de-mariposa"
"bdfbf8c4-7d96-f9bd-f441-523c1a434312","Curl de Piernas en Decúbito Prono","pantorrillas","isquiotibiales","pantorrillas","Flexión de rodilla: isquiotibiales; no bíceps del brazo ni gemelos.","https://smartworkout.app/es/biblioteca-ejercicios/piernas/curl-de-piernas-en-decubito-prono"
"be225aec-96d1-4dfb-9670-c9c6ccfddd99","Saltos Pogo","pantorrillas","pantorrillas","cuadriceps","Mapa anatómico exacto y énfasis principal de los músculos de origen.","https://smartworkout.app/es/biblioteca-ejercicios/piernas/saltos-pogo"
"bffdb15f-d630-44a1-9a20-d4dc864d6972","Saltos de Tijera","pantorrillas","cardio","pantorrillas;hombros;cuadriceps;isquiotibiales;adductores;abdomen;oblicuos","Actividad cardiovascular: categoría Cardio; conservar los músculos implicados como secundarios.","https://smartworkout.app/es/biblioteca-ejercicios/piernas/saltos-de-tijera"
"c0163f74-9b9d-44f8-9ee9-78af5a3169cd","Sentadilla Cossack con barra","cuadriceps","cuadriceps","abductores;gluteos;isquiotibiales;adductores","Patrón de sentadilla, zancada o subida: cuádriceps como grupo principal; conservar glúteos y otros músculos secundarios.","https://smartworkout.app/es/biblioteca-ejercicios/piernas/sentadilla-cossack-con-barra"
"c2b72e25-1c85-43f3-9c95-5bd9431e34ac","Sentadilla Pistol en Caja","cuadriceps","cuadriceps","gluteos;adductores;isquiotibiales;abductores;pantorrillas","Patrón de sentadilla, zancada o subida: cuádriceps como grupo principal; conservar glúteos y otros músculos secundarios.","https://smartworkout.app/es/biblioteca-ejercicios/piernas/sentadilla-pistol-en-caja"
"c33a0ac1-5d07-d66c-fc7c-8360786726da","Elevaciones de Gemelos en Máquina","pantorrillas","pantorrillas","","Mapa anatómico exacto y énfasis principal de los músculos de origen.","https://smartworkout.app/es/biblioteca-ejercicios/piernas/elevaciones-de-gemelos-en-maquina"
"c49da46d-cb8f-4a5b-b948-94208d9880e5","Zancada trasera en Multipower","gluteos","cuadriceps","gluteos;abductores","Patrón de sentadilla, zancada o subida: cuádriceps como grupo principal; conservar glúteos y otros músculos secundarios.","https://smartworkout.app/es/biblioteca-ejercicios/piernas/zancada-trasera-en-multipower"
"c605879b-651d-4995-ae08-8ecd85182d71","Sentadilla contra la pared con balón de estabilidad","cuadriceps","cuadriceps","gluteos;abductores;pantorrillas","Patrón de sentadilla, zancada o subida: cuádriceps como grupo principal; conservar glúteos y otros músculos secundarios.","https://smartworkout.app/es/biblioteca-ejercicios/piernas/sentadilla-contra-la-pared-con-balon-de-estabilidad"
"c6a3ceee-90a3-4f19-8e37-4630cb144391","Prensa de Piernas Vertical en Máquina Smith","cuadriceps","cuadriceps","abductores;gluteos","Mapa anatómico exacto y énfasis principal de los músculos de origen.","https://smartworkout.app/es/biblioteca-ejercicios/piernas/prensa-de-piernas-vertical-en-maquina-smith"
"c72d1396-05a3-4254-a62e-dbbba9813472","Curl de Isquiotibiales Unilateral en Decúbito","gluteos","isquiotibiales","abductores;gluteos","Mapa anatómico exacto y énfasis principal de los músculos de origen.","https://smartworkout.app/es/biblioteca-ejercicios/piernas/curl-de-isquiotibiales-unilateral-en-decubito"
"cb2d0f9b-8328-46a0-bbdb-6b13db28499d","Sentadilla sumo con Multipower","gluteos","cuadriceps","abductores;adductores;gluteos;isquiotibiales;lumbares","Patrón de sentadilla, zancada o subida: cuádriceps como grupo principal; conservar glúteos y otros músculos secundarios.","https://smartworkout.app/es/biblioteca-ejercicios/piernas/sentadilla-sumo-con-multipower"
"ccc8321a-3db5-40a3-b687-0cb47f4ee2c9","Prensa de piernas horizontal en máquina","cuadriceps","cuadriceps","abductores;gluteos","Mapa anatómico exacto y énfasis principal de los músculos de origen.","https://smartworkout.app/es/biblioteca-ejercicios/piernas/prensa-de-piernas-horizontal-en-maquina"
"cd499966-2c32-4b4d-9bf6-440fcc3a84e4","Cardio caminando","cuadriceps","cardio","cuadriceps;isquiotibiales;pantorrillas;abductores;gluteos;adductores","Actividad cardiovascular: categoría Cardio; conservar los músculos implicados como secundarios.","https://smartworkout.app/es/biblioteca-ejercicios/piernas/cardio-caminando"
"ce8d4c15-8a34-441b-ac87-7b94dc57c220","Salto en Caja a una Pierna","cuadriceps","cuadriceps","pantorrillas;gluteos;abductores;abdomen;oblicuos;isquiotibiales","Mapa anatómico exacto y énfasis principal de los músculos de origen.","https://smartworkout.app/es/biblioteca-ejercicios/piernas/salto-en-caja-a-una-pierna"
"cf88eb6f-6101-49f1-a493-ef959eb12cb6","Sentadilla búlgara con mancuernas","cuadriceps","cuadriceps","abductores;gluteos","Patrón de sentadilla, zancada o subida: cuádriceps como grupo principal; conservar glúteos y otros músculos secundarios.","https://smartworkout.app/es/biblioteca-ejercicios/piernas/sentadilla-bulgara-con-mancuernas"
"d15edf28-16b7-02a1-ef0a-1273df7fbee8","Peso Muerto con Mancuerna a Una Pierna","gluteos","isquiotibiales","lumbares;gluteos;abductores","Peso muerto: clasificar según la variante y conservar los otros músculos de la cadena posterior.","https://smartworkout.app/es/biblioteca-ejercicios/piernas/peso-muerto-con-mancuerna-a-una-pierna"
"d426fbe7-b7df-4671-8499-d2e4df127ec6","Sentadilla Pistol con Peso","cuadriceps","cuadriceps","gluteos;adductores;isquiotibiales;abductores;pantorrillas","Patrón de sentadilla, zancada o subida: cuádriceps como grupo principal; conservar glúteos y otros músculos secundarios.","https://smartworkout.app/es/biblioteca-ejercicios/piernas/sentadilla-pistol-con-peso"
"d455b2bc-feaa-4d9d-8d60-b8ae1ed7b109","Curl de piernas con balón suizo","gluteos","isquiotibiales","abductores;gluteos","Flexión de rodilla: isquiotibiales; no bíceps del brazo ni gemelos.","https://smartworkout.app/es/biblioteca-ejercicios/piernas/curl-de-piernas-con-balon-suizo"
"d5f7a5ea-8fa8-48c3-aa0d-7e539dd3ac1a","Sentadilla en caja","cuadriceps","cuadriceps","gluteos;adductores;isquiotibiales;abductores;pantorrillas","Patrón de sentadilla, zancada o subida: cuádriceps como grupo principal; conservar glúteos y otros músculos secundarios.","https://smartworkout.app/es/biblioteca-ejercicios/piernas/sentadilla-en-caja"
"d60bf9ff-f74e-429c-afe1-cf5dec1b2ae6","Arrancada y envión","cuadriceps","cuadriceps","hombros;lumbares;gluteos;isquiotibiales;abdomen;adductores;pectoral;oblicuos;trapecio;dorsales;biceps;pantorrillas;antebrazo","Mapa anatómico exacto y énfasis principal de los músculos de origen.","https://smartworkout.app/es/biblioteca-ejercicios/piernas/arrancada-y-envion"
"d8735b83-7498-47a4-a938-98220e625f71","Sentadilla al aire","cuadriceps","cuadriceps","abductores;gluteos;isquiotibiales;hombros;pantorrillas","Patrón de sentadilla, zancada o subida: cuádriceps como grupo principal; conservar glúteos y otros músculos secundarios.","https://smartworkout.app/es/biblioteca-ejercicios/piernas/sentadilla-al-aire"
"d8ad3cbb-b306-4f3d-8b67-4577038925b7","Bicicleta de aire de asalto","cuadriceps","cardio","cuadriceps;pectoral;isquiotibiales;hombros;trapecio;abductores;gluteos;dorsales;triceps;adductores;pantorrillas;antebrazo;biceps;oblicuos;abdomen","Actividad cardiovascular: categoría Cardio; conservar los músculos implicados como secundarios.","https://smartworkout.app/es/biblioteca-ejercicios/piernas/bicicleta-de-aire-de-asalto"
"d9710b8d-882f-450b-978a-b342dce66e90","Elevación de Talón Sentado con Mancuerna a Una Pierna","pantorrillas","pantorrillas","","Mapa anatómico exacto y énfasis principal de los músculos de origen.","https://smartworkout.app/es/biblioteca-ejercicios/piernas/elevacion-de-talon-sentado-con-mancuerna-a-una-pierna"
"da1122db-5ae7-4a78-be7b-078f92bd5dda","Sentadilla Sissy","cuadriceps","cuadriceps","abductores;gluteos;abdomen;oblicuos;adductores;pantorrillas","Patrón de sentadilla, zancada o subida: cuádriceps como grupo principal; conservar glúteos y otros músculos secundarios.","https://smartworkout.app/es/biblioteca-ejercicios/piernas/sentadilla-sissy"
"dabbc3d1-7cfc-4031-8224-9836ec7725e6","Sentadilla Sissy de Rodillas","cuadriceps","cuadriceps","gluteos","Nordic inverso: extensión de rodilla dirigida al cuádriceps; no confundir con curl nórdico de isquiotibiales.","https://smartworkout.app/es/biblioteca-ejercicios/piernas/sentadilla-sissy-de-rodillas"
"dc912b16-ab4f-4e66-abdf-a9a07234e2a9","Estiramiento de Isquiotibiales de Rodillas","pantorrillas","isquiotibiales","pantorrillas","Mapa anatómico exacto y énfasis principal de los músculos de origen.","https://smartworkout.app/es/biblioteca-ejercicios/piernas/estiramiento-de-isquiotibiales-de-rodillas"
"dd3564b4-b057-4835-87ff-f87b619e07f5","Sentadilla Frontal en Banco","cuadriceps","cuadriceps","gluteos;lumbares;adductores;abductores;isquiotibiales;abdomen;oblicuos","Patrón de sentadilla, zancada o subida: cuádriceps como grupo principal; conservar glúteos y otros músculos secundarios.","https://smartworkout.app/es/biblioteca-ejercicios/piernas/sentadilla-frontal-en-banco"
"de8bc2c9-e7fc-4514-b6b5-f98f3e26cfa7","Peso Muerto con Mancuernas Piernas Rectas","gluteos","isquiotibiales","gluteos;lumbares;abductores;antebrazo;abdomen;oblicuos;trapecio;pantorrillas","Peso muerto con piernas rectas: bisagra de cadera dirigida a isquiotibiales; glúteos y lumbares secundarios.","https://smartworkout.app/es/biblioteca-ejercicios/piernas/peso-muerto-con-mancuernas-piernas-rectas"
"dfa728cb-aef6-4b05-aca6-f6a4384c0a48","Peso muerto rumano en cable","gluteos","isquiotibiales","abductores;gluteos;lumbares","Peso muerto: clasificar según la variante y conservar los otros músculos de la cadena posterior.","https://smartworkout.app/es/biblioteca-ejercicios/piernas/peso-muerto-rumano-en-cable"
"dfc3bc3e-7669-43ae-9462-06084ccc46d0","Flexión hacia adelante sentado","pantorrillas","isquiotibiales","pantorrillas","Mapa anatómico exacto y énfasis principal de los músculos de origen.","https://smartworkout.app/es/biblioteca-ejercicios/piernas/flexion-hacia-adelante-sentado"
"e0a530e6-e194-45dd-9d0e-e5334a6e5d32","Curl de Jefferson","gluteos","isquiotibiales","gluteos;lumbares;abductores","Mapa anatómico exacto y énfasis principal de los músculos de origen.","https://smartworkout.app/es/biblioteca-ejercicios/piernas/curl-de-jefferson"
"e0ef2970-5221-4b13-a4e6-b56a0af148f1","Balanceos Laterales de Pierna","gluteos","adductores","abductores;gluteos","Mapa anatómico exacto y énfasis principal de los músculos de origen.","https://smartworkout.app/es/biblioteca-ejercicios/piernas/balanceos-laterales-de-pierna"
"e17ca855-8185-fbc6-bb54-ab9c4334f0f7","Prensa de Piernas","cuadriceps","cuadriceps","gluteos;abductores","Mapa anatómico exacto y énfasis principal de los músculos de origen.","https://smartworkout.app/es/biblioteca-ejercicios/piernas/prensa-de-piernas"
"e644b489-9a5e-4824-83fb-0b448b7c6a80","Sentadilla de Ciclista","cuadriceps","cuadriceps","gluteos;adductores;abductores;lumbares;oblicuos;isquiotibiales;pantorrillas;abdomen","Patrón de sentadilla, zancada o subida: cuádriceps como grupo principal; conservar glúteos y otros músculos secundarios.","https://smartworkout.app/es/biblioteca-ejercicios/piernas/sentadilla-de-ciclista"
"e657a4e4-a3b5-49da-95d5-a6a41db1272c","Peso Muerto Rumano en Posición B","gluteos","isquiotibiales","gluteos;lumbares;cuadriceps;abdomen;oblicuos","Peso muerto: clasificar según la variante y conservar los otros músculos de la cadena posterior.","https://smartworkout.app/es/biblioteca-ejercicios/piernas/peso-muerto-rumano-en-posicion-b"
"e7a9f02b-6012-4ada-bf59-16ab85ee6b6d","Curl de Piernas Acostado con Mancuernas","pantorrillas","isquiotibiales","pantorrillas","Flexión de rodilla: isquiotibiales; no bíceps del brazo ni gemelos.","https://smartworkout.app/es/biblioteca-ejercicios/piernas/curl-de-piernas-acostado-con-mancuernas"
"e9c8793b-9ae2-4428-a9af-24ce91ce8c99","Carrera en Cinta","pantorrillas","cardio","pantorrillas;cuadriceps;oblicuos;abdomen;abductores;gluteos;isquiotibiales;adductores","Actividad cardiovascular: categoría Cardio; conservar los músculos implicados como secundarios.","https://smartworkout.app/es/biblioteca-ejercicios/piernas/carrera-en-cinta"
"ea0437ea-81fe-4d5e-aa72-cf592ae1c11d","Peso Muerto Rumano con Mancuernas","gluteos","isquiotibiales","lumbares;gluteos;antebrazo;abductores;cuadriceps;abdomen;oblicuos","Peso muerto: clasificar según la variante y conservar los otros músculos de la cadena posterior.","https://smartworkout.app/es/biblioteca-ejercicios/piernas/peso-muerto-rumano-con-mancuernas"
"eafc5a02-9cd9-4494-aca9-247ca14f87ee","Sentadilla Sumo desde Stepbox","gluteos","cuadriceps","isquiotibiales;adductores;abductores;gluteos","Patrón de sentadilla, zancada o subida: cuádriceps como grupo principal; conservar glúteos y otros músculos secundarios.","https://smartworkout.app/es/biblioteca-ejercicios/piernas/sentadilla-sumo-desde-stepbox"
"eb59667f-202d-49ce-a517-34c0ecbc69d4","Zancadas con mancuernas","cuadriceps","cuadriceps","gluteos;abductores","Patrón de sentadilla, zancada o subida: cuádriceps como grupo principal; conservar glúteos y otros músculos secundarios.","https://smartworkout.app/es/biblioteca-ejercicios/piernas/zancadas-con-mancuernas"
"eccb443f-5efd-46ae-b522-a4b8a4066ce2","Peso Muerto Rumano en Máquina Smith","gluteos","isquiotibiales","gluteos;antebrazo;lumbares;abductores;abdomen;oblicuos","Peso muerto: clasificar según la variante y conservar los otros músculos de la cadena posterior.","https://smartworkout.app/es/biblioteca-ejercicios/piernas/peso-muerto-rumano-en-maquina-smith"
"ed99f5c6-76b9-4d8b-9b29-e7e0ae3a6eb8","Zancadas","cuadriceps","cuadriceps","gluteos;pantorrillas;isquiotibiales;adductores;abductores","Patrón de sentadilla, zancada o subida: cuádriceps como grupo principal; conservar glúteos y otros músculos secundarios.","https://smartworkout.app/es/biblioteca-ejercicios/piernas/zancadas"
"f138fba6-caa5-4541-b9fc-6b10b724d2d1","Paso adelante con cable","cuadriceps","cuadriceps","gluteos;adductores","Patrón de sentadilla, zancada o subida: cuádriceps como grupo principal; conservar glúteos y otros músculos secundarios.","https://smartworkout.app/es/biblioteca-ejercicios/piernas/paso-adelante-con-cable"
"f1afe248-38b7-4489-8991-4d0acc5f4cd2","Rodar Gemelos","pantorrillas","pantorrillas","","Mapa anatómico exacto y énfasis principal de los músculos de origen.","https://smartworkout.app/es/biblioteca-ejercicios/piernas/rodar-gemelos"
"f4528ef0-35e7-49de-a5b0-d1c2d03d97b3","Peso muerto con mancuernas","gluteos","gluteos","lumbares;isquiotibiales;abductores","Peso muerto: clasificar según la variante y conservar los otros músculos de la cadena posterior.","https://smartworkout.app/es/biblioteca-ejercicios/piernas/peso-muerto-con-mancuernas"
"f509cfcd-6baf-4b6e-8210-1bf2b574efa5","Extensión de pierna unilateral","cuadriceps","cuadriceps","","Mapa anatómico exacto y énfasis principal de los músculos de origen.","https://smartworkout.app/es/biblioteca-ejercicios/piernas/extension-de-pierna-unilateral"
"f6468090-67cf-4fdc-ab45-49b41b28037b","Postura del bebé feliz","gluteos","adductores","isquiotibiales;gluteos","Apertura de caderas y estiramiento de la cara interna del muslo.","https://smartworkout.app/es/biblioteca-ejercicios/piernas/postura-del-bebe-feliz"
"f8415c81-7b41-4102-9a98-5fadaabded3d","Curl de Piernas en Anillas","gluteos","isquiotibiales","gluteos","Flexión de rodilla: isquiotibiales; no bíceps del brazo ni gemelos.","https://smartworkout.app/es/biblioteca-ejercicios/piernas/curl-de-piernas-en-anillas"
"f9ac9620-8a9e-46e4-bab1-64d7412a868e","Extensión Terminal de Rodilla en Polea","cuadriceps","cuadriceps","gluteos","Mapa anatómico exacto y énfasis principal de los músculos de origen.","https://smartworkout.app/es/biblioteca-ejercicios/piernas/extension-terminal-de-rodilla-en-polea"
"fa39a858-968d-4c38-ac0b-19c958c9dce6","Elevación de Talones en Máquina Smith a Una Pierna","pantorrillas","pantorrillas","","Mapa anatómico exacto y énfasis principal de los músculos de origen.","https://smartworkout.app/es/biblioteca-ejercicios/piernas/elevacion-de-talones-en-maquina-smith-a-una-pierna"
"fa63a3e9-9bb3-41be-89d3-f37d22d9eebf","Estiramiento de Mariposa Inclinada hacia Adelante","gluteos","adductores","gluteos;lumbares","Mapa anatómico exacto y énfasis principal de los músculos de origen.","https://smartworkout.app/es/biblioteca-ejercicios/piernas/estiramiento-de-mariposa-inclinada-hacia-adelante"
"fb42b833-a9f4-4a13-8e57-78a95dc184c8","Correr","cuadriceps","cardio","cuadriceps;pantorrillas;gluteos;oblicuos;abductores;abdomen;isquiotibiales;adductores;lumbares","Actividad cardiovascular: categoría Cardio; conservar los músculos implicados como secundarios.","https://smartworkout.app/es/biblioteca-ejercicios/piernas/correr"
"fd6bf4b3-3d1e-4036-b4c0-e6fded490b43","Sentadilla de barra por encima de la cabeza","cuadriceps","cuadriceps","","Patrón de sentadilla, zancada o subida: cuádriceps como grupo principal; conservar glúteos y otros músculos secundarios.","https://smartworkout.app/es/biblioteca-ejercicios/piernas/sentadilla-de-barra-por-encima-de-la-cabeza"
"fe62e8fc-5b16-4bab-bf08-f1e70b550bee","Sentadilla con Banda","cuadriceps","cuadriceps","gluteos;adductores;abductores;isquiotibiales;pantorrillas","Patrón de sentadilla, zancada o subida: cuádriceps como grupo principal; conservar glúteos y otros músculos secundarios.","https://smartworkout.app/es/biblioteca-ejercicios/piernas/sentadilla-con-banda"
"0b59dd85-d65d-4e28-bad1-2a74fc204504","Empuje de Cadera Unilateral con Mancuerna","gluteos","gluteos","abductores;oblicuos;cuadriceps;abdomen;isquiotibiales;lumbares","Extensión de cadera con foco glúteo.","https://smartworkout.app/es/biblioteca-ejercicios/gl%C3%BAteos/empuje-de-cadera-unilateral-con-mancuerna"
"0c179dee-0e67-473f-84ce-02a48a1e0513","Patada de glúteos con banda","gluteos","gluteos","isquiotibiales;abductores","Mapa anatómico exacto y énfasis principal de los músculos de origen.","https://smartworkout.app/es/biblioteca-ejercicios/gl%C3%BAteos/patada-de-gluteos-con-banda"
"127dc619-8078-4148-907b-e08a49f1676a","Zancada inversa con mancuernas desde escalón","gluteos","gluteos","abductores;cuadriceps;isquiotibiales;pantorrillas","Mapa anatómico exacto y énfasis principal de los músculos de origen.","https://smartworkout.app/es/biblioteca-ejercicios/gl%C3%BAteos/zancada-inversa-con-mancuernas-desde-escalon"
"245e0727-1c35-4965-aa28-0456d8969828","Abducción de cadera con cable","gluteos","abductores","gluteos","Mapa anatómico exacto y énfasis principal de los músculos de origen.","https://smartworkout.app/es/biblioteca-ejercicios/gl%C3%BAteos/abduccion-de-cadera-con-cable"
"2811badd-ff6d-946b-c36f-aae77cd6fa38","Buenos Días con Barra","gluteos","isquiotibiales","gluteos;lumbares;abductores","Buenos días de pie: bisagra de cadera, isquiotibiales como grupo principal.","https://smartworkout.app/es/biblioteca-ejercicios/gl%C3%BAteos/buenos-dias-con-barra"
"2b9833cf-064b-4d42-815b-89c58352179a","Puente de glúteos con banda elástica mini","gluteos","gluteos","abductores;isquiotibiales;cuadriceps","Extensión de cadera con foco glúteo.","https://smartworkout.app/es/biblioteca-ejercicios/gl%C3%BAteos/puente-de-gluteos-con-banda-elastica-mini"
"2d2291cc-8340-4667-80db-becf8e594b1b","Buenos días en Multipower","gluteos","isquiotibiales","gluteos;lumbares;abductores","Buenos días de pie: bisagra de cadera, isquiotibiales como grupo principal.","https://smartworkout.app/es/biblioteca-ejercicios/gl%C3%BAteos/buenos-dias-en-multipower"
"38938cf9-f0b8-4894-9393-ce7ed9a4e28e","Abducción de cadera con banda sentado","gluteos","abductores","gluteos","Abducción o rotación externa de cadera: abductores.","https://smartworkout.app/es/biblioteca-ejercicios/gl%C3%BAteos/abduccion-de-cadera-con-banda-sentado"
"38c5072e-3103-4399-8006-ae63d52110e5","Patada de Burro","gluteos","gluteos","abductores","Mapa anatómico exacto y énfasis principal de los músculos de origen.","https://smartworkout.app/es/biblioteca-ejercicios/gl%C3%BAteos/patada-de-burro"
"4050cda9-d73a-4b37-a97e-3beaa3615d2f","Sentadilla dividida con pie delantero elevado","gluteos","gluteos","abductores;cuadriceps;isquiotibiales;adductores","Mapa anatómico exacto y énfasis principal de los músculos de origen.","https://smartworkout.app/es/biblioteca-ejercicios/gl%C3%BAteos/sentadilla-dividida-con-pie-delantero-elevado"
"442206c2-d2f1-413e-a73f-52b5dd819eb1","Empuje de Cadera en Máquina Smith","gluteos","gluteos","abductores;cuadriceps;abdomen;isquiotibiales;lumbares;oblicuos","Extensión de cadera con foco glúteo.","https://smartworkout.app/es/biblioteca-ejercicios/gl%C3%BAteos/empuje-de-cadera-en-maquina-smith"
"45c3ad61-7849-4169-9f03-de68c12aa4b9","Peso Muerto Rumano a Una Pierna","gluteos","isquiotibiales","gluteos;antebrazo;abductores;lumbares;abdomen;oblicuos","Peso muerto: clasificar según la variante y conservar los otros músculos de la cadena posterior.","https://smartworkout.app/es/biblioteca-ejercicios/gl%C3%BAteos/peso-muerto-rumano-a-una-pierna"
"4cb4b1c0-7e5d-e804-d5ef-0fbe23f53914","Extensión de Espalda con Peso","gluteos","lumbares","gluteos;isquiotibiales;abductores","Extensión de espalda: erectores espinales; conservar glúteos e isquiotibiales secundarios.","https://smartworkout.app/es/biblioteca-ejercicios/gl%C3%BAteos/extension-de-espalda-con-peso"
"4ec535de-1f4a-451a-9dc5-dab2920b51f4","Estiramiento de Figura 4 Sentado","gluteos","gluteos","abductores","Estiramiento de la región glútea.","https://smartworkout.app/es/biblioteca-ejercicios/gl%C3%BAteos/estiramiento-de-figura-4-sentado"
"4f000517-83d7-4c0c-81b3-1af736e0f91c","Patada de Glúteo con Banda de Resistencia en Equilibrio de Pie","gluteos","gluteos","abductores","Mapa anatómico exacto y énfasis principal de los músculos de origen.","https://smartworkout.app/es/biblioteca-ejercicios/gl%C3%BAteos/patada-de-gluteo-con-banda-de-resistencia-en-equilibrio-de-pie"
"50c17111-7979-4354-85cc-62df98b2d62a","Zancada Trasera con Barra en Escalón","gluteos","gluteos","cuadriceps;abductores","Mapa anatómico exacto y énfasis principal de los músculos de origen.","https://smartworkout.app/es/biblioteca-ejercicios/gl%C3%BAteos/zancada-trasera-con-barra-en-escalon"
"51f6c2dd-f5ef-49ed-b10c-8538ac8330ac","Estiramiento de figura 4 en silla","gluteos","gluteos","abductores","Estiramiento de la región glútea.","https://smartworkout.app/es/biblioteca-ejercicios/gl%C3%BAteos/estiramiento-de-figura-4-en-silla"
"5246f266-003c-7ce5-6be0-283f2136321e","Elevación de cadera con barra","gluteos","gluteos","isquiotibiales;lumbares;abductores;abdomen;cuadriceps;oblicuos","Extensión de cadera con foco glúteo.","https://smartworkout.app/es/biblioteca-ejercicios/gl%C3%BAteos/elevacion-de-cadera-con-barra"
"59c152a9-7463-4c6d-888b-4a989399242e","Plancha Lateral con Abducción de Cadera","gluteos","abductores","oblicuos;gluteos","Abducción o rotación externa de cadera: abductores.","https://smartworkout.app/es/biblioteca-ejercicios/gl%C3%BAteos/plancha-lateral-con-abduccion-de-cadera"
"6151909d-a462-46b8-a8dd-e418c243fba3","Puente de Glúteos","gluteos","gluteos","abductores;isquiotibiales;cuadriceps","Extensión de cadera con foco glúteo.","https://smartworkout.app/es/biblioteca-ejercicios/gl%C3%BAteos/puente-de-gluteos"
"66560c14-c119-4d53-b8ad-d075f2ccea2c","Patada de Glúteos en Polea","gluteos","gluteos","isquiotibiales","Mapa anatómico exacto y énfasis principal de los músculos de origen.","https://smartworkout.app/es/biblioteca-ejercicios/gl%C3%BAteos/patada-de-gluteos-en-polea"
"748a1a5b-cbb1-48b0-96bd-7558f332cb48","Puente de glúteos con peso","gluteos","gluteos","abductores;cuadriceps;isquiotibiales","Extensión de cadera con foco glúteo.","https://smartworkout.app/es/biblioteca-ejercicios/gl%C3%BAteos/puente-de-gluteos-con-peso"
"793e9f35-ce3c-4d2d-87b8-5b6955ac5279","Abducción de cadera en decúbito lateral","gluteos","abductores","gluteos","Abducción o rotación externa de cadera: abductores.","https://smartworkout.app/es/biblioteca-ejercicios/gl%C3%BAteos/abduccion-de-cadera-en-decubito-lateral"
"7bb5b691-348a-4763-ba60-2ec25faf3965","Puente de Glúteos con Barra","gluteos","gluteos","cuadriceps;abductores","Extensión de cadera con foco glúteo.","https://smartworkout.app/es/biblioteca-ejercicios/gl%C3%BAteos/puente-de-gluteos-con-barra"
"7ce01b32-14e6-4185-b499-137ba4f99177","Elevación de cadera","gluteos","gluteos","abductores;cuadriceps;abdomen;isquiotibiales;lumbares;oblicuos","Extensión de cadera con foco glúteo.","https://smartworkout.app/es/biblioteca-ejercicios/gl%C3%BAteos/elevacion-de-cadera"
"7f9f4a82-47b4-4aea-9cc5-1eb32ecd4bd2","Peso muerto sumo","gluteos","gluteos","adductores;antebrazo;lumbares;abductores;isquiotibiales;cuadriceps;trapecio;abdomen;oblicuos","Peso muerto: clasificar según la variante y conservar los otros músculos de la cadena posterior.","https://smartworkout.app/es/biblioteca-ejercicios/gl%C3%BAteos/peso-muerto-sumo"
"81a7dd83-e98c-405e-89b6-f9390fa16bb8","Postura de la Paloma","gluteos","gluteos","abductores;cuadriceps","Mapa anatómico exacto y énfasis principal de los músculos de origen.","https://smartworkout.app/es/biblioteca-ejercicios/gl%C3%BAteos/postura-de-la-paloma"
"844fd563-697e-4abc-974f-5894f3c1d657","Rodillo para Glúteos","gluteos","gluteos","","Mapa anatómico exacto y énfasis principal de los músculos de origen.","https://smartworkout.app/es/biblioteca-ejercicios/gl%C3%BAteos/rodillo-para-gluteos"
"85c89a46-37b2-422a-b2bf-c3a5588463de","Abducción de Cadera de Pie","gluteos","abductores","gluteos","Abducción o rotación externa de cadera: abductores.","https://smartworkout.app/es/biblioteca-ejercicios/gl%C3%BAteos/abduccion-de-cadera-de-pie"
"873096f4-e814-47bf-9e4a-02ac68f3ade5","Extensión de Espalda","gluteos","lumbares","gluteos;isquiotibiales","Extensión de espalda: erectores espinales; conservar glúteos e isquiotibiales secundarios.","https://smartworkout.app/es/biblioteca-ejercicios/gl%C3%BAteos/extension-de-espalda"
"87956366-b6ca-49aa-8fa5-3423c3787e94","Zancada trasera con mancuerna","gluteos","gluteos","cuadriceps;abductores","Mapa anatómico exacto y énfasis principal de los músculos de origen.","https://smartworkout.app/es/biblioteca-ejercicios/gl%C3%BAteos/zancada-trasera-con-mancuerna"
"918edf74-fb94-41ae-af46-7cebebd231ad","Tirón con Cable","gluteos","gluteos","lumbares;isquiotibiales","Mapa anatómico exacto y énfasis principal de los músculos de origen.","https://smartworkout.app/es/biblioteca-ejercicios/gl%C3%BAteos/tiron-con-cable"
"98e32b35-8efa-4e40-bff6-d414f8297dd1","Patada de Glúteos en Máquina","gluteos","gluteos","abductores","Mapa anatómico exacto y énfasis principal de los músculos de origen.","https://smartworkout.app/es/biblioteca-ejercicios/gl%C3%BAteos/patada-de-gluteos-en-maquina"
"998e63e1-f6ec-4dae-a7b7-592d74954216","Estiramiento de Rodilla al Pecho Acostado","gluteos","gluteos","","Mapa anatómico exacto y énfasis principal de los músculos de origen.","https://smartworkout.app/es/biblioteca-ejercicios/gl%C3%BAteos/estiramiento-de-rodilla-al-pecho-acostado"
"9a5be8c6-af17-4585-8617-7f54f6088f01","Puente de Glúteos KAS","gluteos","gluteos","abductores;cuadriceps;isquiotibiales","Extensión de cadera con foco glúteo.","https://smartworkout.app/es/biblioteca-ejercicios/gl%C3%BAteos/puente-de-gluteos-kas"
"9f23fc45-85b5-4fb8-a6f5-615cd230928f","Sentadilla Sumo con Mancuernas","gluteos","gluteos","cuadriceps;isquiotibiales;adductores;abductores;lumbares;trapecio;abdomen;antebrazo;oblicuos;pantorrillas","Mapa anatómico exacto y énfasis principal de los músculos de origen.","https://smartworkout.app/es/biblioteca-ejercicios/gl%C3%BAteos/sentadilla-sumo-con-mancuernas"
"a408662a-d8a8-4d17-9544-fa2ce09356db","Puente de glúteos en banco","gluteos","gluteos","isquiotibiales;abductores;cuadriceps","Extensión de cadera con foco glúteo.","https://smartworkout.app/es/biblioteca-ejercicios/gl%C3%BAteos/puente-de-gluteos-en-banco"
"a8a21f5f-86b9-4898-b83f-b3c4bcb79a63","Puente de Glúteos con Peso a una Pierna","gluteos","gluteos","abductores;cuadriceps;isquiotibiales","Extensión de cadera con foco glúteo.","https://smartworkout.app/es/biblioteca-ejercicios/gl%C3%BAteos/puente-de-gluteos-con-peso-a-una-pierna"
"b805ce84-2b5c-4cd1-8bb3-a8cc53c44b49","Bisagra de Cadera","gluteos","gluteos","abductores","Mapa anatómico exacto y énfasis principal de los músculos de origen.","https://smartworkout.app/es/biblioteca-ejercicios/gl%C3%BAteos/bisagra-de-cadera"
"bd67f53b-0829-458b-8368-3bd89972ebe0","Extensión de Espalda con Mancuerna","gluteos","lumbares","gluteos;isquiotibiales","Extensión de espalda: erectores espinales; conservar glúteos e isquiotibiales secundarios.","https://smartworkout.app/es/biblioteca-ejercicios/gl%C3%BAteos/extension-de-espalda-con-mancuerna"
"bde8a221-1dd3-40ec-bf89-b26d8e991b77","Peso Muerto Rumano","gluteos","isquiotibiales","gluteos;lumbares;antebrazo;abductores;cuadriceps;abdomen;oblicuos;trapecio","Peso muerto: clasificar según la variante y conservar los otros músculos de la cadena posterior.","https://smartworkout.app/es/biblioteca-ejercicios/gl%C3%BAteos/peso-muerto-rumano"
"c066f0d4-d8a3-4b0b-8abd-2112c600543b","Sentadilla con kettlebell en copa","gluteos","gluteos","abductores;isquiotibiales;cuadriceps","Mapa anatómico exacto y énfasis principal de los músculos de origen.","https://smartworkout.app/es/biblioteca-ejercicios/gl%C3%BAteos/sentadilla-con-kettlebell-en-copa"
"c0d708f6-00ab-118f-9f7d-e13f27e5458b","Abducción de Cadera Sentado","gluteos","abductores","gluteos","Abducción o rotación externa de cadera: abductores.","https://smartworkout.app/es/biblioteca-ejercicios/gl%C3%BAteos/abduccion-de-cadera-sentado"
"c1b44da7-2220-4a21-8164-ebc2abf9ba65","Abducción de Cadera con Banda","gluteos","abductores","gluteos","Abducción o rotación externa de cadera: abductores.","https://smartworkout.app/es/biblioteca-ejercicios/gl%C3%BAteos/abduccion-de-cadera-con-banda"
"c4c660f5-e07b-4ad8-a3a7-b887c3f8cc5e","Hiperextensión Inversa con Banda","gluteos","gluteos","abductores;isquiotibiales","Mapa anatómico exacto y énfasis principal de los músculos de origen.","https://smartworkout.app/es/biblioteca-ejercicios/gl%C3%BAteos/hiperextension-inversa-con-banda"
"c6028e5a-3df6-4a4d-b11b-13812ad4436f","Caminata lateral con banda","gluteos","abductores","gluteos;adductores;cuadriceps","Mapa anatómico exacto y énfasis principal de los músculos de origen.","https://smartworkout.app/es/biblioteca-ejercicios/gl%C3%BAteos/caminata-lateral-con-banda"
"c79993c0-52a1-4575-94f6-9e63c75453be","Elevación de cadera estilo rana","gluteos","gluteos","abductores;isquiotibiales;cuadriceps","Extensión de cadera con foco glúteo.","https://smartworkout.app/es/biblioteca-ejercicios/gl%C3%BAteos/elevacion-de-cadera-estilo-rana"
"d61ba24e-4c00-4c61-9127-08db49a79c32","Empuje de cadera en máquina","gluteos","gluteos","abductores;cuadriceps;abdomen;isquiotibiales;lumbares;oblicuos","Extensión de cadera con foco glúteo.","https://smartworkout.app/es/biblioteca-ejercicios/gl%C3%BAteos/empuje-de-cadera-en-maquina"
"def5a3ce-9471-4cba-b1af-94cd85ff7e4c","Postura del niño","gluteos","gluteos","dorsales","Mapa anatómico exacto y énfasis principal de los músculos de origen.","https://smartworkout.app/es/biblioteca-ejercicios/gl%C3%BAteos/postura-del-nino"
"e39ba212-23da-494e-b136-42060c32e7ce","Peso muerto desde bloques","gluteos","lumbares","gluteos;cuadriceps;isquiotibiales;abductores;antebrazo;pantorrillas;trapecio;abdomen;adductores;oblicuos;hombros","Peso muerto: clasificar según la variante y conservar los otros músculos de la cadena posterior.","https://smartworkout.app/es/biblioteca-ejercicios/gl%C3%BAteos/peso-muerto-desde-bloques"
"e4022ea8-2ba8-46f2-8afb-9aa0b76bc6ef","Concha lateral con banda elástica acostado","gluteos","abductores","gluteos","Mapa anatómico exacto y énfasis principal de los músculos de origen.","https://smartworkout.app/es/biblioteca-ejercicios/gl%C3%BAteos/concha-lateral-con-banda-elastica-acostado"
"ecd73905-fd43-458c-bc6e-288a83dafbb9","Buenos días sentado","gluteos","lumbares","gluteos;abductores","Buenos días sentado: extensión del tronco; lumbares como grupo principal.","https://smartworkout.app/es/biblioteca-ejercicios/gl%C3%BAteos/buenos-dias-sentado"
"ed5e6c95-151e-46e2-9fbe-59ab50294ee3","Perro de Caza","gluteos","lumbares","gluteos;hombros;trapecio;isquiotibiales;abductores;triceps;abdomen;oblicuos","Estabilidad y extensión de la espalda: lumbares, con glúteos secundarios.","https://smartworkout.app/es/biblioteca-ejercicios/gl%C3%BAteos/perro-de-caza"
"f549f56b-96d5-4eee-807b-427a437809df","Elevación de Cadera con Mancuernas","gluteos","gluteos","cuadriceps;isquiotibiales;abductores;abdomen;lumbares;oblicuos","Extensión de cadera con foco glúteo.","https://smartworkout.app/es/biblioteca-ejercicios/gl%C3%BAteos/elevacion-de-cadera-con-mancuernas"
"fd0bc7ef-9983-4afc-b2c9-e1f9e273f566","Glute Bridge Single Leg: Puente de Glúteos a una Pierna","gluteos","gluteos","abductores;cuadriceps;isquiotibiales","Extensión de cadera con foco glúteo.","https://smartworkout.app/es/biblioteca-ejercicios/gl%C3%BAteos/glute-bridge-single-leg:-puente-de-gluteos-a-una-pierna"
"01c5867e-2eb7-4f53-8b92-3a021d49cfea","Curl de Bíceps con Banda Elástica","biceps","biceps","antebrazo","Mapa anatómico exacto y énfasis principal de los músculos de origen.","https://smartworkout.app/es/biblioteca-ejercicios/b%C3%ADceps/curl-de-biceps-con-banda-elastica"
"01f198ca-a257-4bf8-9f34-24f1f1179376","Curl Zottman","biceps","biceps","antebrazo","Mapa anatómico exacto y énfasis principal de los músculos de origen.","https://smartworkout.app/es/biblioteca-ejercicios/b%C3%ADceps/curl-zottman"
"05993bed-9c87-4387-b2ac-e5fc7980152d","Curl de Bíceps con Barra EZ Agarre Cerrado","biceps","biceps","","Mapa anatómico exacto y énfasis principal de los músculos de origen.","https://smartworkout.app/es/biblioteca-ejercicios/b%C3%ADceps/curl-de-biceps-con-barra-ez-agarre-cerrado"
"0637306a-60ac-431c-89eb-f4a747ce6aa8","Curl de Bíceps en Polea Bayesian","biceps","biceps","","Mapa anatómico exacto y énfasis principal de los músculos de origen.","https://smartworkout.app/es/biblioteca-ejercicios/b%C3%ADceps/curl-de-biceps-en-polea-bayesian"
"06744582-2ff9-4495-bdfb-6d10c13048d4","Curl de Bíceps con Barra en Polea","biceps","biceps","","Mapa anatómico exacto y énfasis principal de los músculos de origen.","https://smartworkout.app/es/biblioteca-ejercicios/b%C3%ADceps/curl-de-biceps-con-barra-en-polea"
"174978b8-1b92-4700-96d0-98d1835628dd","Curl de Araña con Mancuernas","biceps","biceps","antebrazo","Mapa anatómico exacto y énfasis principal de los músculos de origen.","https://smartworkout.app/es/biblioteca-ejercicios/b%C3%ADceps/curl-de-arana-con-mancuernas"
"200cb09a-11e5-4a94-a38f-9e0e2bd0096f","Curl de bíceps con mancuernas sentado","biceps","biceps","antebrazo","Mapa anatómico exacto y énfasis principal de los músculos de origen.","https://smartworkout.app/es/biblioteca-ejercicios/b%C3%ADceps/curl-de-biceps-con-mancuernas-sentado"
"221e8991-90d5-4398-b7df-09a42bc95502","Spider Hammer Curl: Curl Martillo en Araña","biceps","biceps","antebrazo","Mapa anatómico exacto y énfasis principal de los músculos de origen.","https://smartworkout.app/es/biblioteca-ejercicios/b%C3%ADceps/spider-hammer-curl:-curl-martillo-en-arana"
"2463cfae-b1dc-4f38-af0a-544002d6fbc2","Muscle Up en Anillas","biceps","dorsales","hombros;pectoral;triceps;biceps;trapecio;antebrazo;oblicuos;abdomen","Tracción de espalda: dorsales como grupo principal; brazos y músculos escapulares secundarios.","https://smartworkout.app/es/biblioteca-ejercicios/b%C3%ADceps/muscle-up-en-anillas"
"26268881-afd6-445d-9a8b-a149d8dafdaa","Curl con mancuerna individual","biceps","biceps","","Mapa anatómico exacto y énfasis principal de los músculos de origen.","https://smartworkout.app/es/biblioteca-ejercicios/b%C3%ADceps/curl-con-mancuerna-individual"
"293c61e4-0955-4504-a40d-3b671498ad97","Curl de Predicador Supinado con Mancuerna","biceps","biceps","antebrazo","Mapa anatómico exacto y énfasis principal de los músculos de origen.","https://smartworkout.app/es/biblioteca-ejercicios/b%C3%ADceps/curl-de-predicador-supinado-con-mancuerna"
"2b8538c5-03b4-4f4f-b178-11dd9b8ad4f3","Curl de Predicador en Máquina con un Brazo","biceps","biceps","antebrazo","Mapa anatómico exacto y énfasis principal de los músculos de origen.","https://smartworkout.app/es/biblioteca-ejercicios/b%C3%ADceps/curl-de-predicador-en-maquina-con-un-brazo"
"38709d78-13c4-45d5-ac56-b42c86866412","Curl de bíceps en banco Scott con barra EZ","biceps","biceps","antebrazo","Mapa anatómico exacto y énfasis principal de los músculos de origen.","https://smartworkout.app/es/biblioteca-ejercicios/b%C3%ADceps/curl-de-biceps-en-banco-scott-con-barra-ez"
"45be866e-26ae-4be7-9d53-bb0a0d7e5d19","Curl predicador con mancuernas","biceps","biceps","antebrazo","Mapa anatómico exacto y énfasis principal de los músculos de origen.","https://smartworkout.app/es/biblioteca-ejercicios/b%C3%ADceps/curl-predicador-con-mancuernas"
"4786d67b-4ca5-40b9-8d97-488d60317e6a","Curl Martillo Inclinado con Mancuerna","biceps","biceps","antebrazo","Mapa anatómico exacto y énfasis principal de los músculos de origen.","https://smartworkout.app/es/biblioteca-ejercicios/b%C3%ADceps/curl-martillo-inclinado-con-mancuerna"
"4ad778f6-7416-4755-a17a-5449201a0360","Curl de Bíceps en Polea de Rodillas","biceps","biceps","","Mapa anatómico exacto y énfasis principal de los músculos de origen.","https://smartworkout.app/es/biblioteca-ejercicios/b%C3%ADceps/curl-de-biceps-en-polea-de-rodillas"
"4ad95020-4064-49c7-9048-b4f69f1f36bc","Curl de Bíceps con Cable a un Brazo","biceps","biceps","antebrazo;triceps","Mapa anatómico exacto y énfasis principal de los músculos de origen.","https://smartworkout.app/es/biblioteca-ejercicios/b%C3%ADceps/curl-de-biceps-con-cable-a-un-brazo"
"5476b9ee-ef6e-4e87-a52e-753e5901bb39","Curl de bíceps con TRX","biceps","biceps","antebrazo","Mapa anatómico exacto y énfasis principal de los músculos de origen.","https://smartworkout.app/es/biblioteca-ejercicios/b%C3%ADceps/curl-de-biceps-con-trx"
"5cd4a725-e9e7-4677-a24a-1b83ce5da740","Curl de bíceps con barra EZ","biceps","biceps","antebrazo","Mapa anatómico exacto y énfasis principal de los músculos de origen.","https://smartworkout.app/es/biblioteca-ejercicios/b%C3%ADceps/curl-de-biceps-con-barra-ez"
"5d3e85c7-ad6f-4fa9-8b63-984f13c3b1ac","Curl de martillo con banda","biceps","biceps","antebrazo","Mapa anatómico exacto y énfasis principal de los músculos de origen.","https://smartworkout.app/es/biblioteca-ejercicios/b%C3%ADceps/curl-de-martillo-con-banda"
"5ef57127-8673-4d29-a362-fdce93cd48f0","Curl de Bíceps en Banco Inclinado con Barra","biceps","biceps","","Mapa anatómico exacto y énfasis principal de los músculos de origen.","https://smartworkout.app/es/biblioteca-ejercicios/b%C3%ADceps/curl-de-biceps-en-banco-inclinado-con-barra"
"65cd4e80-8f47-4aba-9ca5-0a12185359b8","Curl de Bíceps con Mancuerna y Soporte para Brazos","biceps","biceps","antebrazo","Mapa anatómico exacto y énfasis principal de los músculos de origen.","https://smartworkout.app/es/biblioteca-ejercicios/b%C3%ADceps/curl-de-biceps-con-mancuerna-y-soporte-para-brazos"
"6b210054-5434-1bf3-923e-62e137c41216","Curl de Martillo con Mancuernas","biceps","biceps","antebrazo","Mapa anatómico exacto y énfasis principal de los músculos de origen.","https://smartworkout.app/es/biblioteca-ejercicios/b%C3%ADceps/curl-de-martillo-con-mancuernas"
"6f35ebb5-d31e-1ab7-310f-25b8cada0293","Curl de Bíceps con Barra","biceps","biceps","antebrazo","Mapa anatómico exacto y énfasis principal de los músculos de origen.","https://smartworkout.app/es/biblioteca-ejercicios/b%C3%ADceps/curl-de-biceps-con-barra"
"71054169-cf36-c810-dca5-4413fe9a1327","Curl Alterno con Mancuernas en Supinación","biceps","biceps","antebrazo","Mapa anatómico exacto y énfasis principal de los músculos de origen.","https://smartworkout.app/es/biblioteca-ejercicios/b%C3%ADceps/curl-alterno-con-mancuernas-en-supinacion"
"757ae740-c2ef-4a8d-9199-fd48ea06dcc9","Curl bayesiano en cable sentado","biceps","biceps","antebrazo","Mapa anatómico exacto y énfasis principal de los músculos de origen.","https://smartworkout.app/es/biblioteca-ejercicios/b%C3%ADceps/curl-bayesiano-en-cable-sentado"
"769f188b-41a3-40e4-aec4-f5980417e786","Curl de Martillo Sentado","biceps","biceps","antebrazo","Mapa anatómico exacto y énfasis principal de los músculos de origen.","https://smartworkout.app/es/biblioteca-ejercicios/b%C3%ADceps/curl-de-martillo-sentado"
"77542def-76bd-40e3-a5af-4340f0672611","Curl de Martillo en Banco Scott con un Brazo","biceps","biceps","antebrazo","Mapa anatómico exacto y énfasis principal de los músculos de origen.","https://smartworkout.app/es/biblioteca-ejercicios/b%C3%ADceps/curl-de-martillo-en-banco-scott-con-un-brazo"
"78395663-8332-42cc-8aa7-d87f474bdb10","Dominadas con Peso","biceps","dorsales","hombros;biceps;trapecio;triceps","Tracción de espalda: dorsales como grupo principal; brazos y músculos escapulares secundarios.","https://smartworkout.app/es/biblioteca-ejercicios/b%C3%ADceps/dominadas-con-peso"
"8266ca36-8fae-4fa4-bebb-8c38a0301ac6","Curl de Bíceps con Barra de Pie con Agarre Ancho","biceps","biceps","","Mapa anatómico exacto y énfasis principal de los músculos de origen.","https://smartworkout.app/es/biblioteca-ejercicios/b%C3%ADceps/curl-de-biceps-con-barra-de-pie-con-agarre-ancho"
"82a44bb7-594b-4b02-a196-2b05fce65bf4","Curl de Arrastre con Mancuerna","biceps","biceps","","Mapa anatómico exacto y énfasis principal de los músculos de origen.","https://smartworkout.app/es/biblioteca-ejercicios/b%C3%ADceps/curl-de-arrastre-con-mancuerna"
"835d99fc-dcdb-38f2-ca92-48e87ba6f5b1","Curl de Bíceps con Mancuernas","biceps","biceps","antebrazo","Mapa anatómico exacto y énfasis principal de los músculos de origen.","https://smartworkout.app/es/biblioteca-ejercicios/b%C3%ADceps/curl-de-biceps-con-mancuernas"
"89d00daa-f73b-4391-84d1-803ac433363e","Curl alterno supinado con mancuernas en banco inclinado","biceps","biceps","antebrazo","Mapa anatómico exacto y énfasis principal de los músculos de origen.","https://smartworkout.app/es/biblioteca-ejercicios/b%C3%ADceps/curl-alterno-supinado-con-mancuernas-en-banco-inclinado"
"8abe4e5f-c746-4112-b6c7-33d1ec688256","Curl de Bíceps en Máquina","biceps","biceps","","Mapa anatómico exacto y énfasis principal de los músculos de origen.","https://smartworkout.app/es/biblioteca-ejercicios/b%C3%ADceps/curl-de-biceps-en-maquina"
"94c146d4-89a6-457b-a2b3-6a409ab74d45","Curl de Hércules","biceps","biceps","","Mapa anatómico exacto y énfasis principal de los músculos de origen.","https://smartworkout.app/es/biblioteca-ejercicios/b%C3%ADceps/curl-de-hercules"
"9d80eba8-7872-41fc-879c-47632f253b44","Curl de Bíceps en Banco Scott con Barra","biceps","biceps","","Mapa anatómico exacto y énfasis principal de los músculos de origen.","https://smartworkout.app/es/biblioteca-ejercicios/b%C3%ADceps/curl-de-biceps-en-banco-scott-con-barra"
"9f11cb88-a5a3-49a9-b8b3-14d535803a6b","Curl de araña con barra EZ","biceps","biceps","antebrazo","Mapa anatómico exacto y énfasis principal de los músculos de origen.","https://smartworkout.app/es/biblioteca-ejercicios/b%C3%ADceps/curl-de-arana-con-barra-ez"
"9f9696a4-6a32-43b7-964e-0c8176bc971a","Curl en Cable Inclinado","biceps","biceps","","Mapa anatómico exacto y énfasis principal de los músculos de origen.","https://smartworkout.app/es/biblioteca-ejercicios/b%C3%ADceps/curl-en-cable-inclinado"
"a2168c01-69e1-46a8-a4e2-902cb3ea166a","Curl de Bíceps en Polea (de Espaldas)","biceps","biceps","antebrazo","Mapa anatómico exacto y énfasis principal de los músculos de origen.","https://smartworkout.app/es/biblioteca-ejercicios/b%C3%ADceps/curl-de-biceps-en-polea-(de-espaldas)"
"a4dfb157-1b04-4271-aa73-d122cd30acc8","Curl Martillo Cruzado con Mancuerna","biceps","biceps","antebrazo","Mapa anatómico exacto y énfasis principal de los músculos de origen.","https://smartworkout.app/es/biblioteca-ejercicios/b%C3%ADceps/curl-martillo-cruzado-con-mancuerna"
"aa88e9ad-b55e-43d7-b3c2-d0b0fb81a9a9","Curl de Bíceps con Agarre Cerrado","biceps","biceps","antebrazo","Mapa anatómico exacto y énfasis principal de los músculos de origen.","https://smartworkout.app/es/biblioteca-ejercicios/b%C3%ADceps/curl-de-biceps-con-agarre-cerrado"
"b343e608-5d5f-4983-adba-b2045467c73d","Curl de Martillo con Cable a un Brazo","biceps","biceps","antebrazo","Mapa anatómico exacto y énfasis principal de los músculos de origen.","https://smartworkout.app/es/biblioteca-ejercicios/b%C3%ADceps/curl-de-martillo-con-cable-a-un-brazo"
"b58d9bf9-6663-4eb7-917b-c1e3195b43f8","Curl de arrastre con barra","biceps","biceps","antebrazo","Mapa anatómico exacto y énfasis principal de los músculos de origen.","https://smartworkout.app/es/biblioteca-ejercicios/b%C3%ADceps/curl-de-arrastre-con-barra"
"b866a8c1-4083-403a-9a68-ba6846f85a87","Curl de Concentración con Martillo","biceps","biceps","antebrazo","Mapa anatómico exacto y énfasis principal de los músculos de origen.","https://smartworkout.app/es/biblioteca-ejercicios/b%C3%ADceps/curl-de-concentracion-con-martillo"
"bbf624ab-4d11-497c-98ae-e68484a666bb","Curl de Bíceps con Kettlebell","biceps","biceps","antebrazo","Mapa anatómico exacto y énfasis principal de los músculos de origen.","https://smartworkout.app/es/biblioteca-ejercicios/b%C3%ADceps/curl-de-biceps-con-kettlebell"
"ca1dbb25-9c6d-464b-95ca-a55d9b72395a","Curl martillo en banco Scott","biceps","biceps","antebrazo","Mapa anatómico exacto y énfasis principal de los músculos de origen.","https://smartworkout.app/es/biblioteca-ejercicios/b%C3%ADceps/curl-martillo-en-banco-scott"
"d01922bb-2606-4597-b0c0-352afe85ea8b","Curl de Concentración con Mancuerna","biceps","biceps","","Mapa anatómico exacto y énfasis principal de los músculos de origen.","https://smartworkout.app/es/biblioteca-ejercicios/b%C3%ADceps/curl-de-concentracion-con-mancuerna"
"d1c79bb9-e950-43b4-82a8-9b8003140b5e","Curl Martillo Alterno con Mancuernas","biceps","biceps","antebrazo","Mapa anatómico exacto y énfasis principal de los músculos de origen.","https://smartworkout.app/es/biblioteca-ejercicios/b%C3%ADceps/curl-martillo-alterno-con-mancuernas"
"d56a3927-61c7-4b1f-9b49-09310388103a","Curl de bíceps inclinado sentado","biceps","biceps","","Mapa anatómico exacto y énfasis principal de los músculos de origen.","https://smartworkout.app/es/biblioteca-ejercicios/b%C3%ADceps/curl-de-biceps-inclinado-sentado"
"e2e39ddc-24bd-2a3a-c3a7-aaa34ee19367","Curl de Predicador con Mancuerna a un Brazo","biceps","biceps","antebrazo","Mapa anatómico exacto y énfasis principal de los músculos de origen.","https://smartworkout.app/es/biblioteca-ejercicios/b%C3%ADceps/curl-de-predicador-con-mancuerna-a-un-brazo"
"e6fa5387-c06a-4647-ae72-92357692edc6","Curl martillo alterno sentado con mancuernas","biceps","biceps","antebrazo","Mapa anatómico exacto y énfasis principal de los músculos de origen.","https://smartworkout.app/es/biblioteca-ejercicios/b%C3%ADceps/curl-martillo-alterno-sentado-con-mancuernas"
"f0cc1e0a-c5a6-472c-bf62-6ac5056d34a3","Curl de Bíceps con Barra en la Pared","biceps","biceps","antebrazo","Mapa anatómico exacto y énfasis principal de los músculos de origen.","https://smartworkout.app/es/biblioteca-ejercicios/b%C3%ADceps/curl-de-biceps-con-barra-en-la-pared"
"f3bb1cb2-a42a-bb35-4e66-d7389eec88c1","Curl Martillo con Cuerda en Polea","biceps","biceps","antebrazo","Mapa anatómico exacto y énfasis principal de los músculos de origen.","https://smartworkout.app/es/biblioteca-ejercicios/b%C3%ADceps/curl-martillo-con-cuerda-en-polea"
"f4a9afdd-ffc5-4eeb-ab69-81b8485e5282","Curl Predicador en Máquina","biceps","biceps","antebrazo","Mapa anatómico exacto y énfasis principal de los músculos de origen.","https://smartworkout.app/es/biblioteca-ejercicios/b%C3%ADceps/curl-predicador-en-maquina"
"f6a2b92e-ea1f-4671-91a9-7e4313451e61","Curl en Predicador con Cable","biceps","biceps","antebrazo","Mapa anatómico exacto y énfasis principal de los músculos de origen.","https://smartworkout.app/es/biblioteca-ejercicios/b%C3%ADceps/curl-en-predicador-con-cable"
"fedc49a5-593a-47fb-86db-7efdc8e6a7fe","Curl de Bíceps Alterno","biceps","biceps","","Mapa anatómico exacto y énfasis principal de los músculos de origen.","https://smartworkout.app/es/biblioteca-ejercicios/b%C3%ADceps/curl-de-biceps-alterno"
"0716159e-e991-422d-b4af-f88c38a00119","Flexiones Diamante","triceps","triceps","pectoral","Mapa anatómico exacto y énfasis principal de los músculos de origen.","https://smartworkout.app/es/biblioteca-ejercicios/tr%C3%ADceps/flexiones-diamante"
"0935adff-a0ca-78d8-32f8-11f0f8d211f8","Fondos lastrados","triceps","triceps","pectoral;hombros","Mapa anatómico exacto y énfasis principal de los músculos de origen.","https://smartworkout.app/es/biblioteca-ejercicios/tr%C3%ADceps/fondos-lastrados"
"0bc3273a-e419-43f3-a559-fa641860f75c","Extensión de Tríceps en Polea Inclinada","triceps","triceps","","Mapa anatómico exacto y énfasis principal de los músculos de origen.","https://smartworkout.app/es/biblioteca-ejercicios/tr%C3%ADceps/extension-de-triceps-en-polea-inclinada"
"0f7bb383-5b6c-4065-8d63-21b9925d37f0","Extensión de tríceps en cruce con cable","triceps","triceps","","Mapa anatómico exacto y énfasis principal de los músculos de origen.","https://smartworkout.app/es/biblioteca-ejercicios/tr%C3%ADceps/extension-de-triceps-en-cruce-con-cable"
"16e79f27-f9b4-4162-9de2-37fe0dde76d8","Extensión de tríceps en polea con agarre inverso","triceps","triceps","","Mapa anatómico exacto y énfasis principal de los músculos de origen.","https://smartworkout.app/es/biblioteca-ejercicios/tr%C3%ADceps/extension-de-triceps-en-polea-con-agarre-inverso"
"17d168cd-9745-60f3-f30f-7ec574eaf8a3","Press JM","triceps","triceps","pectoral;hombros","Mapa anatómico exacto y énfasis principal de los músculos de origen.","https://smartworkout.app/es/biblioteca-ejercicios/tr%C3%ADceps/press-jm"
"190a6523-03bb-4305-8a19-7ec55b680f15","Flexión de Brazos Cruzados","triceps","triceps","pectoral","Mapa anatómico exacto y énfasis principal de los músculos de origen.","https://smartworkout.app/es/biblioteca-ejercicios/tr%C3%ADceps/flexion-de-brazos-cruzados"
"2669bea0-d60b-48cf-a188-59349610a9e5","Press francés de pie con una mancuerna","triceps","triceps","","Mapa anatómico exacto y énfasis principal de los músculos de origen.","https://smartworkout.app/es/biblioteca-ejercicios/tr%C3%ADceps/press-frances-de-pie-con-una-mancuerna"
"269cdd48-8c88-44c8-8c76-b6f2123131d0","Flexión de brazos con agarre cerrado y rodillas en el suelo","triceps","triceps","pectoral;hombros;abdomen;oblicuos","Mapa anatómico exacto y énfasis principal de los músculos de origen.","https://smartworkout.app/es/biblioteca-ejercicios/tr%C3%ADceps/flexion-de-brazos-con-agarre-cerrado-y-rodillas-en-el-suelo"
"27433624-9149-4eba-b527-9314b99d8a2c","Extensión de Tríceps con Barra EZ en Decúbito Supino","triceps","triceps","","Mapa anatómico exacto y énfasis principal de los músculos de origen.","https://smartworkout.app/es/biblioteca-ejercicios/tr%C3%ADceps/extension-de-triceps-con-barra-ez-en-decubito-supino"
"27ad6f30-088f-4665-88f0-9a0778b9d180","Press de Smith JM","triceps","triceps","pectoral;hombros","Mapa anatómico exacto y énfasis principal de los músculos de origen.","https://smartworkout.app/es/biblioteca-ejercicios/tr%C3%ADceps/press-de-smith-jm"
"2e084eac-88a9-4dfa-bb48-594966e87f7b","Flexión de brazos en inclinación con agarre cerrado","triceps","triceps","pectoral;hombros;lumbares;abdomen;oblicuos","Flexión de brazos con agarre cerrado, dirigida a tríceps; pecho secundario.","https://smartworkout.app/es/biblioteca-ejercicios/tr%C3%ADceps/flexion-de-brazos-en-inclinacion-con-agarre-cerrado"
"305f4776-36d5-45a1-aae9-9671e419c430","Extensión de tríceps sentado con barra EZ","triceps","triceps","","Mapa anatómico exacto y énfasis principal de los músculos de origen.","https://smartworkout.app/es/biblioteca-ejercicios/tr%C3%ADceps/extension-de-triceps-sentado-con-barra-ez"
"3a5a9586-380f-4bfa-aa70-429003734604","Flexión cobra","triceps","pectoral","triceps;hombros;trapecio;abdomen;oblicuos","Mapa anatómico exacto y énfasis principal de los músculos de origen.","https://smartworkout.app/es/biblioteca-ejercicios/tr%C3%ADceps/flexion-cobra"
"3eade03a-3fd3-4a80-bb11-8e8391ca9732","Press Tate","triceps","triceps","","Mapa anatómico exacto y énfasis principal de los músculos de origen.","https://smartworkout.app/es/biblioteca-ejercicios/tr%C3%ADceps/press-tate"
"3efa8afc-e9ac-41a7-82af-6dccefc96e33","Estiramiento de Tríceps por Encima de la Cabeza","triceps","triceps","","Mapa anatómico exacto y énfasis principal de los músculos de origen.","https://smartworkout.app/es/biblioteca-ejercicios/tr%C3%ADceps/estiramiento-de-triceps-por-encima-de-la-cabeza"
"41662ae6-2248-41f7-a3fe-b870534c3fad","Fondos en Banco con Peso","triceps","triceps","hombros;pectoral;abdomen;lumbares;oblicuos","Mapa anatómico exacto y énfasis principal de los músculos de origen.","https://smartworkout.app/es/biblioteca-ejercicios/tr%C3%ADceps/fondos-en-banco-con-peso"
"41af656c-31a9-495d-8d86-2582e07f0ac8","Press de Banca Inclinado con Mancuernas y Agarre Cerrado","triceps","triceps","pectoral;hombros","Mapa anatómico exacto y énfasis principal de los músculos de origen.","https://smartworkout.app/es/biblioteca-ejercicios/tr%C3%ADceps/press-de-banca-inclinado-con-mancuernas-y-agarre-cerrado"
"427c150b-3c0d-4010-9476-0787cfc84514","Extensión de Tríceps por Encima de la Cabeza con Katana a Una Mano","triceps","triceps","","Mapa anatómico exacto y énfasis principal de los músculos de origen.","https://smartworkout.app/es/biblioteca-ejercicios/tr%C3%ADceps/extension-de-triceps-por-encima-de-la-cabeza-con-katana-a-una-mano"
"44cde330-b5c8-1792-add2-adadcd806b55","Extensión de Tríceps con Barra en Decúbito Supino","triceps","triceps","","Mapa anatómico exacto y énfasis principal de los músculos de origen.","https://smartworkout.app/es/biblioteca-ejercicios/tr%C3%ADceps/extension-de-triceps-con-barra-en-decubito-supino"
"47129c4d-735d-42da-897a-6346b2ec80ca","Extensión de Tríceps en Anillas","triceps","triceps","","Mapa anatómico exacto y énfasis principal de los músculos de origen.","https://smartworkout.app/es/biblioteca-ejercicios/tr%C3%ADceps/extension-de-triceps-en-anillas"
"492742c2-2f9d-403c-8212-3323acb46df2","Flexiones en Pseudo Plancha","triceps","pectoral","hombros;triceps;abdomen;trapecio;dorsales;oblicuos","Mapa anatómico exacto y énfasis principal de los músculos de origen.","https://smartworkout.app/es/biblioteca-ejercicios/tr%C3%ADceps/flexiones-en-pseudo-plancha"
"51cf698f-c598-4ac3-aa5f-d397fe4e4d69","Extensión de tríceps horizontal de pie con cable a un brazo","triceps","triceps","","Mapa anatómico exacto y énfasis principal de los músculos de origen.","https://smartworkout.app/es/biblioteca-ejercicios/tr%C3%ADceps/extension-de-triceps-horizontal-de-pie-con-cable-a-un-brazo"
"5993086a-9f98-4a7f-9ff8-c870fa693f68","Flexión de Brazo con Extensión de Pierna y Brazo Opuesto","triceps","pectoral","triceps;hombros;gluteos;trapecio;abdomen;abductores;oblicuos;isquiotibiales","Mapa anatómico exacto y énfasis principal de los músculos de origen.","https://smartworkout.app/es/biblioteca-ejercicios/tr%C3%ADceps/flexion-de-brazo-con-extension-de-pierna-y-brazo-opuesto"
"5d37f2ea-3a34-4db1-94ae-476306b7222e","Flexiones Cerradas (Tríceps)","triceps","triceps","pectoral;hombros;abdomen;oblicuos","Mapa anatómico exacto y énfasis principal de los músculos de origen.","https://smartworkout.app/es/biblioteca-ejercicios/tr%C3%ADceps/flexiones-cerradas-(triceps)"
"5e5e5c5f-0e1d-4827-b76d-c2f87d4ac410","Plancha de rana","triceps","hombros","pectoral;triceps;abdomen;dorsales;oblicuos;antebrazo;abductores;biceps;gluteos;trapecio;lumbares","Apoyo y equilibrio sobre brazos: hombros como grupo principal; pecho, tríceps y core secundarios.","https://smartworkout.app/es/biblioteca-ejercicios/tr%C3%ADceps/plancha-de-rana"
"688d35de-f0ac-4a44-99e8-149ab5be3fa9","Fondos","triceps","triceps","pectoral;hombros","Mapa anatómico exacto y énfasis principal de los músculos de origen.","https://smartworkout.app/es/biblioteca-ejercicios/tr%C3%ADceps/fondos"
"68978b20-90bd-479a-98b4-311164673268","Flexión de Tríceps","triceps","triceps","pectoral","Mapa anatómico exacto y énfasis principal de los músculos de origen.","https://smartworkout.app/es/biblioteca-ejercicios/tr%C3%ADceps/flexion-de-triceps"
"6d64b5dc-526f-40aa-ae4b-64fa40a41047","Extensión de Tríceps en Cable con Agarre Invertido a Una Mano","triceps","triceps","","Mapa anatómico exacto y énfasis principal de los músculos de origen.","https://smartworkout.app/es/biblioteca-ejercicios/tr%C3%ADceps/extension-de-triceps-en-cable-con-agarre-invertido-a-una-mano"
"6e2c5d5f-0653-497d-a8a8-938d4a667686","Extensión de Tríceps en Polea con un Brazo","triceps","triceps","","Mapa anatómico exacto y énfasis principal de los músculos de origen.","https://smartworkout.app/es/biblioteca-ejercicios/tr%C3%ADceps/extension-de-triceps-en-polea-con-un-brazo"
"706acd4f-c5f6-4aa7-95d2-af551214e447","Extensión de Tríceps en Polea Alta por Encima de la Cabeza","triceps","triceps","","Mapa anatómico exacto y énfasis principal de los músculos de origen.","https://smartworkout.app/es/biblioteca-ejercicios/tr%C3%ADceps/extension-de-triceps-en-polea-alta-por-encima-de-la-cabeza"
"70ff9832-f356-4c83-91b7-aec7d55babe8","Extensión de Tríceps por Encima de la Cabeza con Cable","triceps","triceps","","Mapa anatómico exacto y énfasis principal de los músculos de origen.","https://smartworkout.app/es/biblioteca-ejercicios/tr%C3%ADceps/extension-de-triceps-por-encima-de-la-cabeza-con-cable"
"7829c099-6ac4-4eb6-81a4-f6f182f0eafa","Extensión de tríceps sentado con mancuerna a un brazo","triceps","triceps","","Mapa anatómico exacto y énfasis principal de los músculos de origen.","https://smartworkout.app/es/biblioteca-ejercicios/tr%C3%ADceps/extension-de-triceps-sentado-con-mancuerna-a-un-brazo"
"79e5f9db-193b-4458-8422-d444fa75336a","Extensión de Tríceps con Barra EZ","triceps","triceps","","Mapa anatómico exacto y énfasis principal de los músculos de origen.","https://smartworkout.app/es/biblioteca-ejercicios/tr%C3%ADceps/extension-de-triceps-con-barra-ez"
"7c3c787d-e438-4f50-bde7-cc5843f84fdd","Fondo de tríceps en banco sentado","triceps","triceps","hombros;pectoral;abdomen;lumbares;oblicuos","Mapa anatómico exacto y énfasis principal de los músculos de origen.","https://smartworkout.app/es/biblioteca-ejercicios/tr%C3%ADceps/fondo-de-triceps-en-banco-sentado"
"82026f2f-2c3a-4a96-81ec-95cab56fd8fc","Fondos en Anillas","triceps","triceps","pectoral;hombros","Mapa anatómico exacto y énfasis principal de los músculos de origen.","https://smartworkout.app/es/biblioteca-ejercicios/tr%C3%ADceps/fondos-en-anillas"
"83d39870-dd41-c0dc-5115-5067cb98c3dc","Extensión de Tríceps con Mancuernas Acostado","triceps","triceps","","Mapa anatómico exacto y énfasis principal de los músculos de origen.","https://smartworkout.app/es/biblioteca-ejercicios/tr%C3%ADceps/extension-de-triceps-con-mancuernas-acostado"
"84622a26-9bac-4a4e-a6cc-fa52c220dd43","Extensión de Tríceps en Suspensión","triceps","triceps","","Mapa anatómico exacto y énfasis principal de los músculos de origen.","https://smartworkout.app/es/biblioteca-ejercicios/tr%C3%ADceps/extension-de-triceps-en-suspension"
"9481d369-1493-4a72-b758-e0c1870c9b1d","Extensión de tríceps con mancuernas sentado","triceps","triceps","","Mapa anatómico exacto y énfasis principal de los músculos de origen.","https://smartworkout.app/es/biblioteca-ejercicios/tr%C3%ADceps/extension-de-triceps-con-mancuernas-sentado"
"978b4e26-5150-4545-afb9-f61d2d6b1be9","Extensión de Tríceps en Máquina","triceps","triceps","","Mapa anatómico exacto y énfasis principal de los músculos de origen.","https://smartworkout.app/es/biblioteca-ejercicios/tr%C3%ADceps/extension-de-triceps-en-maquina"
"9a3a896f-9adb-41f5-806b-7935e88caedf","Extensión de tríceps en polea con barra en V","triceps","triceps","","Mapa anatómico exacto y énfasis principal de los músculos de origen.","https://smartworkout.app/es/biblioteca-ejercicios/tr%C3%ADceps/extension-de-triceps-en-polea-con-barra-en-v"
"9b6a6436-6251-481a-87b9-5d1fdea90599","Fondos Asistidos en Máquina","triceps","triceps","pectoral;hombros","Mapa anatómico exacto y énfasis principal de los músculos de origen.","https://smartworkout.app/es/biblioteca-ejercicios/tr%C3%ADceps/fondos-asistidos-en-maquina"
"a46311d5-71d4-4027-8876-c4419b110819","Extensión de tríceps con cable por encima de la cabeza (barra)","triceps","triceps","","Mapa anatómico exacto y énfasis principal de los músculos de origen.","https://smartworkout.app/es/biblioteca-ejercicios/tr%C3%ADceps/extension-de-triceps-con-cable-por-encima-de-la-cabeza-(barra)"
"a97e86f2-1e9a-2d2a-1968-a886c9c3560a","Extensión de tríceps en polea alta","triceps","triceps","","Mapa anatómico exacto y énfasis principal de los músculos de origen.","https://smartworkout.app/es/biblioteca-ejercicios/tr%C3%ADceps/extension-de-triceps-en-polea-alta"
"ae0c15ed-95db-41e3-a99d-8289b6ccf2a5","Extensión de tríceps con barra por encima de la cabeza de pie","triceps","triceps","","Mapa anatómico exacto y énfasis principal de los músculos de origen.","https://smartworkout.app/es/biblioteca-ejercicios/tr%C3%ADceps/extension-de-triceps-con-barra-por-encima-de-la-cabeza-de-pie"
"b611633c-e2e5-402a-b4d6-7e758e2b35bb","Extensión de Tríceps en Pronación","triceps","triceps","","Mapa anatómico exacto y énfasis principal de los músculos de origen.","https://smartworkout.app/es/biblioteca-ejercicios/tr%C3%ADceps/extension-de-triceps-en-pronacion"
"ba9e150f-19c0-46d6-a1f1-37b884fb5827","Extensión de tríceps con katana","triceps","triceps","","Mapa anatómico exacto y énfasis principal de los músculos de origen.","https://smartworkout.app/es/biblioteca-ejercicios/tr%C3%ADceps/extension-de-triceps-con-katana"
"c4144293-7b67-46de-a595-6c5953709954","Press Francés con Barra en Banco Declinado","triceps","triceps","","Mapa anatómico exacto y énfasis principal de los músculos de origen.","https://smartworkout.app/es/biblioteca-ejercicios/tr%C3%ADceps/press-frances-con-barra-en-banco-declinado"
"c48984e5-3830-4cc5-9d99-d74066febb22","Patada de tríceps con cable","triceps","triceps","","Mapa anatómico exacto y énfasis principal de los músculos de origen.","https://smartworkout.app/es/biblioteca-ejercicios/tr%C3%ADceps/patada-de-triceps-con-cable"
"c48d3682-7b85-45cb-bbb6-731ca86f4a08","Muscle-Up con Peso","triceps","dorsales","triceps;hombros;trapecio;pectoral;biceps","Tracción de espalda: dorsales como grupo principal; brazos y músculos escapulares secundarios.","https://smartworkout.app/es/biblioteca-ejercicios/tr%C3%ADceps/muscle-up-con-peso"
"c4aa256a-753d-4b96-88fc-5c52907c648a","Extensión de tríceps sentado con mancuernas","triceps","triceps","","Mapa anatómico exacto y énfasis principal de los músculos de origen.","https://smartworkout.app/es/biblioteca-ejercicios/tr%C3%ADceps/extension-de-triceps-sentado-con-mancuernas"
"c7bc7acf-63e9-4749-a0e1-d130d759ed1d","Dominada con impulso","triceps","dorsales","triceps;hombros;pectoral;trapecio;biceps","Tracción de espalda: dorsales como grupo principal; brazos y músculos escapulares secundarios.","https://smartworkout.app/es/biblioteca-ejercicios/tr%C3%ADceps/dominada-con-impulso"
"c98e66c4-2657-4c42-bfbb-99425b312dd2","Press de California","triceps","triceps","dorsales;pectoral;hombros","Mapa anatómico exacto y énfasis principal de los músculos de origen.","https://smartworkout.app/es/biblioteca-ejercicios/tr%C3%ADceps/press-de-california"
"cb57a584-6e5e-4305-891c-f06140dc8fd5","Extensión de Tríceps por Encima de la Cabeza con Banda","triceps","triceps","","Mapa anatómico exacto y énfasis principal de los músculos de origen.","https://smartworkout.app/es/biblioteca-ejercicios/tr%C3%ADceps/extension-de-triceps-por-encima-de-la-cabeza-con-banda"
"ce0a9a1a-5650-4f81-949f-78494cec69f7","Extensión de Tríceps con Barra en Banco Inclinado","triceps","triceps","","Mapa anatómico exacto y énfasis principal de los músculos de origen.","https://smartworkout.app/es/biblioteca-ejercicios/tr%C3%ADceps/extension-de-triceps-con-barra-en-banco-inclinado"
"d47b60ff-9291-4a4a-b40f-6d74281ff2ab","Flexión en Diamante Declinado","triceps","triceps","pectoral;hombros","Mapa anatómico exacto y énfasis principal de los músculos de origen.","https://smartworkout.app/es/biblioteca-ejercicios/tr%C3%ADceps/flexion-en-diamante-declinado"
"d59fcd68-dfec-409d-a72b-2be41be7c594","Press Francés Horizontal en Polea Sentado","triceps","triceps","","Mapa anatómico exacto y énfasis principal de los músculos de origen.","https://smartworkout.app/es/biblioteca-ejercicios/tr%C3%ADceps/press-frances-horizontal-en-polea-sentado"
"d8a5dc02-4460-4bb0-baba-2e12799b1988","Flexión de Brazos en Plancha Completa","triceps","triceps","hombros;pectoral;antebrazo;dorsales;lumbares;abdomen;oblicuos;trapecio;isquiotibiales;biceps;gluteos","Mapa anatómico exacto y énfasis principal de los músculos de origen.","https://smartworkout.app/es/biblioteca-ejercicios/tr%C3%ADceps/flexion-de-brazos-en-plancha-completa"
"dbfc5012-170f-4db0-8b14-bc44f41c4da8","Extensión de Tríceps con Mancuernas en Banco Inclinado","triceps","triceps","","Mapa anatómico exacto y énfasis principal de los músculos de origen.","https://smartworkout.app/es/biblioteca-ejercicios/tr%C3%ADceps/extension-de-triceps-con-mancuernas-en-banco-inclinado"
"dea12dfc-58cb-482e-ad0e-3dba4c1f49f0","Extensión de Tríceps con Cable a Dos Brazos","triceps","triceps","","Mapa anatómico exacto y énfasis principal de los músculos de origen.","https://smartworkout.app/es/biblioteca-ejercicios/tr%C3%ADceps/extension-de-triceps-con-cable-a-dos-brazos"
"e367af44-824f-4bb4-aca4-ec43ec8ce2dd","Flexión de brazos con rodillas en diamante","triceps","triceps","pectoral","Mapa anatómico exacto y énfasis principal de los músculos de origen.","https://smartworkout.app/es/biblioteca-ejercicios/tr%C3%ADceps/flexion-de-brazos-con-rodillas-en-diamante"
"edae8b8e-efd3-4b72-b7c2-000604d3319c","Extensión de Tríceps con Banda","triceps","triceps","","Mapa anatómico exacto y énfasis principal de los músculos de origen.","https://smartworkout.app/es/biblioteca-ejercicios/tr%C3%ADceps/extension-de-triceps-con-banda"
"ef115bce-70a8-4db5-b917-3e9fc3a89d5c","Empuje de Tríceps en Máquina","triceps","triceps","pectoral;hombros","Mapa anatómico exacto y énfasis principal de los músculos de origen.","https://smartworkout.app/es/biblioteca-ejercicios/tr%C3%ADceps/empuje-de-triceps-en-maquina"
"f6793159-6429-4e35-9b22-13b428ebd903","Extension De Triceps En Polea Una Mano","triceps","triceps","","Mapa anatómico exacto y énfasis principal de los músculos de origen.","https://smartworkout.app/es/biblioteca-ejercicios/tr%C3%ADceps/extension-de-triceps-en-polea-una-mano"
"f8ac9f43-116f-79ca-778a-76137bfe61da","Extensión de tríceps por encima de la cabeza con un brazo","triceps","triceps","","Mapa anatómico exacto y énfasis principal de los músculos de origen.","https://smartworkout.app/es/biblioteca-ejercicios/tr%C3%ADceps/extension-de-triceps-por-encima-de-la-cabeza-con-un-brazo"
"fbf45029-6a73-423f-b6df-c6d494f8c2a9","Flexión de brazos con agarre invertido","triceps","triceps","pectoral;hombros;antebrazo;biceps;abdomen;oblicuos","Mapa anatómico exacto y énfasis principal de los músculos de origen.","https://smartworkout.app/es/biblioteca-ejercicios/tr%C3%ADceps/flexion-de-brazos-con-agarre-invertido"
"fe01e50a-b97c-4bb7-87f2-bed05cfa2445","Extensión de Tríceps con Cuerda","triceps","triceps","","Mapa anatómico exacto y énfasis principal de los músculos de origen.","https://smartworkout.app/es/biblioteca-ejercicios/tr%C3%ADceps/extension-de-triceps-con-cuerda"
"08ebb48f-60d2-44e9-91f9-930e37b8d841","Pronación acostada con mancuernas","antebrazo","antebrazo","","Mapa anatómico exacto y énfasis principal de los músculos de origen.","https://smartworkout.app/es/biblioteca-ejercicios/antebrazos/pronacion-acostada-con-mancuernas"
"09aed7e3-7a9c-4e38-81a6-bb7675692cbf","Curl de muñeca neutral con mancuerna a un brazo","antebrazo","antebrazo","","Mapa anatómico exacto y énfasis principal de los músculos de origen.","https://smartworkout.app/es/biblioteca-ejercicios/antebrazos/curl-de-muneca-neutral-con-mancuerna-a-un-brazo"
"12b4858c-6c84-43b4-964d-cfd590ff7958","Curl de Muñeca con Mancuerna a Una Mano","antebrazo","antebrazo","","Mapa anatómico exacto y énfasis principal de los músculos de origen.","https://smartworkout.app/es/biblioteca-ejercicios/antebrazos/curl-de-muneca-con-mancuerna-a-una-mano"
"24143ad6-3b55-459f-bdac-b8721dd1e668","Curl de Muñeca Inversa Sentado con Barra EZ","antebrazo","antebrazo","","Mapa anatómico exacto y énfasis principal de los músculos de origen.","https://smartworkout.app/es/biblioteca-ejercicios/antebrazos/curl-de-muneca-inversa-sentado-con-barra-ez"
"2c5c5e94-5091-4615-820e-ded247f917d6","Supinación con Mancuernas en Decúbito","antebrazo","antebrazo","","Mapa anatómico exacto y énfasis principal de los músculos de origen.","https://smartworkout.app/es/biblioteca-ejercicios/antebrazos/supinacion-con-mancuernas-en-decubito"
"2f471d53-3998-40e5-bfb3-542da8be66af","Caminata del Granjero","antebrazo","antebrazo","cuadriceps;pantorrillas;abdomen;oblicuos","Mapa anatómico exacto y énfasis principal de los músculos de origen.","https://smartworkout.app/es/biblioteca-ejercicios/antebrazos/caminata-del-granjero"
"2fc473c6-c392-4036-8fa8-fdf760cb65d2","Curl de muñeca de pie con barra","antebrazo","antebrazo","","Mapa anatómico exacto y énfasis principal de los músculos de origen.","https://smartworkout.app/es/biblioteca-ejercicios/antebrazos/curl-de-muneca-de-pie-con-barra"
"4c88201a-d81c-4c88-b0e2-9b58a5f2e0b1","Curl de Muñeca de Pie con Mancuerna","antebrazo","antebrazo","","Mapa anatómico exacto y énfasis principal de los músculos de origen.","https://smartworkout.app/es/biblioteca-ejercicios/antebrazos/curl-de-muneca-de-pie-con-mancuerna"
"55772f28-ccb6-4f43-9293-5a63501271b7","Flexión de Muñeca","antebrazo","antebrazo","","Mapa anatómico exacto y énfasis principal de los músculos de origen.","https://smartworkout.app/es/biblioteca-ejercicios/antebrazos/flexion-de-muneca"
"5ee4154e-6595-4f89-92bf-b36ad01d149f","Curl de muñeca con barra de pie","antebrazo","antebrazo","","Mapa anatómico exacto y énfasis principal de los músculos de origen.","https://smartworkout.app/es/biblioteca-ejercicios/antebrazos/curl-de-muneca-con-barra-de-pie"
"789d1358-a903-4173-a4e0-986c8c2bc045","Rodillo de Muñeca","antebrazo","antebrazo","hombros;biceps;pectoral","Mapa anatómico exacto y énfasis principal de los músculos de origen.","https://smartworkout.app/es/biblioteca-ejercicios/antebrazos/rodillo-de-muneca"
"8008ee41-c9d1-42a3-8ea5-773f9f954230","Curl de Muñeca Sentado con Barra EZ","antebrazo","antebrazo","","Mapa anatómico exacto y énfasis principal de los músculos de origen.","https://smartworkout.app/es/biblioteca-ejercicios/antebrazos/curl-de-muneca-sentado-con-barra-ez"
"8662095d-cb00-1466-73f1-70394857c241","Curl de antebrazos con barra en agarre inverso","antebrazo","antebrazo","biceps","Mapa anatómico exacto y énfasis principal de los músculos de origen.","https://smartworkout.app/es/biblioteca-ejercicios/antebrazos/curl-de-antebrazos-con-barra-en-agarre-inverso"
"8d0b122e-3029-4722-a56a-9b9aa76575bf","Paseo del granjero unilateral","antebrazo","antebrazo","oblicuos;cuadriceps;pantorrillas;abdomen","Mapa anatómico exacto y énfasis principal de los músculos de origen.","https://smartworkout.app/es/biblioteca-ejercicios/antebrazos/paseo-del-granjero-unilateral"
"91c42a1f-9c3c-4b39-8325-177d96e6c806","Curl Invertido de Araña con Barra EZ","antebrazo","antebrazo","biceps","Mapa anatómico exacto y énfasis principal de los músculos de origen.","https://smartworkout.app/es/biblioteca-ejercicios/antebrazos/curl-invertido-de-arana-con-barra-ez"
"9836a9dd-c3fc-465c-8ae3-4defcbccf9c1","Paseo del granjero con mancuernas","antebrazo","antebrazo","cuadriceps;pantorrillas;abdomen;oblicuos","Mapa anatómico exacto y énfasis principal de los músculos de origen.","https://smartworkout.app/es/biblioteca-ejercicios/antebrazos/paseo-del-granjero-con-mancuernas"
"b03f3b8c-b957-4838-b198-eeda7a389132","Curl de Bíceps con Barra EZ Agarre Inverso","antebrazo","antebrazo","biceps","Mapa anatómico exacto y énfasis principal de los músculos de origen.","https://smartworkout.app/es/biblioteca-ejercicios/antebrazos/curl-de-biceps-con-barra-ez-agarre-inverso"
"b2c6ca4b-db03-4553-8d9f-6e5e87bbd118","Curl de Muñeca Inverso de Pie con Mancuernas","antebrazo","antebrazo","","Mapa anatómico exacto y énfasis principal de los músculos de origen.","https://smartworkout.app/es/biblioteca-ejercicios/antebrazos/curl-de-muneca-inverso-de-pie-con-mancuernas"
"bcdc45cd-8548-4416-864f-fb0928b9da8a","Colgado muerto","antebrazo","antebrazo","hombros;trapecio;dorsales","Mapa anatómico exacto y énfasis principal de los músculos de origen.","https://smartworkout.app/es/biblioteca-ejercicios/antebrazos/colgado-muerto"
"bf409651-d501-4f6f-b314-cd0cc5452063","Curl de muñeca inverso con barra","antebrazo","antebrazo","","Mapa anatómico exacto y énfasis principal de los músculos de origen.","https://smartworkout.app/es/biblioteca-ejercicios/antebrazos/curl-de-muneca-inverso-con-barra"
"c5e55508-8f59-4c68-a5b5-7f5b2b7df078","Curl en Polea con Agarre Inverso","antebrazo","antebrazo","biceps","Mapa anatómico exacto y énfasis principal de los músculos de origen.","https://smartworkout.app/es/biblioteca-ejercicios/antebrazos/curl-en-polea-con-agarre-inverso"
"c8a73206-c24b-46e7-9f38-b9e049a3afe5","Curl Inverso de Bíceps con Mancuernas","antebrazo","antebrazo","biceps","Mapa anatómico exacto y énfasis principal de los músculos de origen.","https://smartworkout.app/es/biblioteca-ejercicios/antebrazos/curl-inverso-de-biceps-con-mancuernas"
"d1613595-46fa-4f15-9467-807cb3b2b88c","Curl de Muñeca en Polea","antebrazo","antebrazo","","Mapa anatómico exacto y énfasis principal de los músculos de origen.","https://smartworkout.app/es/biblioteca-ejercicios/antebrazos/curl-de-muneca-en-polea"
"d271435e-ad73-4dab-a3a8-3c171781c4a4","Curl de muñeca en polea sentado","antebrazo","antebrazo","","Mapa anatómico exacto y énfasis principal de los músculos de origen.","https://smartworkout.app/es/biblioteca-ejercicios/antebrazos/curl-de-muneca-en-polea-sentado"
"d723ed09-c017-4ea4-8f63-90c1a00cbb6a","Dominada Scapular","antebrazo","dorsales","antebrazo;hombros;trapecio","Depresión escapular: dorsales; el agarre es secundario.","https://smartworkout.app/es/biblioteca-ejercicios/antebrazos/dominada-scapular"
"d9aea411-b71e-4105-ac8d-82746432c8f0","Curl de Muñeca con Barra","antebrazo","antebrazo","","Mapa anatómico exacto y énfasis principal de los músculos de origen.","https://smartworkout.app/es/biblioteca-ejercicios/antebrazos/curl-de-muneca-con-barra"
"ed9b5a18-18d0-4d80-bb07-b67f0ad96663","Caminata del Granjero Unilateral","antebrazo","antebrazo","oblicuos;cuadriceps;pantorrillas;abdomen","Mapa anatómico exacto y énfasis principal de los músculos de origen.","https://smartworkout.app/es/biblioteca-ejercicios/antebrazos/caminata-del-granjero-unilateral"
"eda6e2d1-4c13-43c3-b97c-bc22f5db2687","Aparato de Agarre Manual","antebrazo","antebrazo","","Mapa anatómico exacto y énfasis principal de los músculos de origen.","https://smartworkout.app/es/biblioteca-ejercicios/antebrazos/aparato-de-agarre-manual"
"f3410c98-ed27-4d72-a198-651f70330c20","Curl inverso de muñeca con mancuerna a un brazo","antebrazo","antebrazo","","Mapa anatómico exacto y énfasis principal de los músculos de origen.","https://smartworkout.app/es/biblioteca-ejercicios/antebrazos/curl-inverso-de-muneca-con-mancuerna-a-un-brazo"
"fa5a7a63-5bd3-4032-9116-acffb083597c","Enrollamiento de Muñeca de Pie con Cable","antebrazo","antebrazo","hombros;biceps","Mapa anatómico exacto y énfasis principal de los músculos de origen.","https://smartworkout.app/es/biblioteca-ejercicios/antebrazos/enrollamiento-de-muneca-de-pie-con-cable"
"02e00a0a-3cfc-445d-98b5-04a40b4ed741","Crunch con Flexión de Rodillas","abdomen","abdomen","oblicuos","Mapa anatómico exacto y énfasis principal de los músculos de origen.","https://smartworkout.app/es/biblioteca-ejercicios/abdominales/crunch-con-flexion-de-rodillas"
"0a75e037-9658-4706-a497-d7efe844e10b","Molino de Viento con Peso Corporal","abdomen","oblicuos","abductores;gluteos;abdomen;isquiotibiales","Mapa anatómico exacto y énfasis principal de los músculos de origen.","https://smartworkout.app/es/biblioteca-ejercicios/abdominales/molino-de-viento-con-peso-corporal"
"0ad57432-b306-46f9-a486-635db0a1080c","Rotación de Tronco en Máquina","abdomen","oblicuos","abdomen","Mapa anatómico exacto y énfasis principal de los músculos de origen.","https://smartworkout.app/es/biblioteca-ejercicios/abdominales/rotacion-de-tronco-en-maquina"
"0d4721f5-3941-4356-9666-4f210bb6b314","L-Sitio","abdomen","abdomen","antebrazo;oblicuos","Mapa anatómico exacto y énfasis principal de los músculos de origen.","https://smartworkout.app/es/biblioteca-ejercicios/abdominales/l-sitio"
"0d70c540-52d7-41d0-b32d-448e6d0033ae","Inclinación Lateral de Pie con Banda","abdomen","oblicuos","","Mapa anatómico exacto y énfasis principal de los músculos de origen.","https://smartworkout.app/es/biblioteca-ejercicios/abdominales/inclinacion-lateral-de-pie-con-banda"
"0e833972-04f5-c0d4-c790-2400bfd748ca","Giro Sentado","abdomen","oblicuos","abdomen","Mapa anatómico exacto y énfasis principal de los músculos de origen.","https://smartworkout.app/es/biblioteca-ejercicios/abdominales/giro-sentado"
"0ec75482-1934-4b86-84d2-46da9a89d67d","Giro con cable (horizontal)","abdomen","oblicuos","abdomen","Mapa anatómico exacto y énfasis principal de los músculos de origen.","https://smartworkout.app/es/biblioteca-ejercicios/abdominales/giro-con-cable-(horizontal)"
"0fb71315-b620-4bef-8192-3ccae70dfa5b","Extensión y Flexión de Piernas","abdomen","abdomen","oblicuos","Mapa anatómico exacto y énfasis principal de los músculos de origen.","https://smartworkout.app/es/biblioteca-ejercicios/abdominales/extension-y-flexion-de-piernas"
"11abe949-7bce-4971-95c0-f754772ee813","Crunch declinado con peso","abdomen","abdomen","oblicuos","Mapa anatómico exacto y énfasis principal de los músculos de origen.","https://smartworkout.app/es/biblioteca-ejercicios/abdominales/crunch-declinado-con-peso"
"14046b3a-d435-4452-925e-511a8addfffb","Patadas de tijera colgado","abdomen","abdomen","oblicuos;antebrazo;cuadriceps","Mapa anatómico exacto y énfasis principal de los músculos de origen.","https://smartworkout.app/es/biblioteca-ejercicios/abdominales/patadas-de-tijera-colgado"
"149f6670-3321-4e86-a231-796f1c26a1a4","Rodamiento con Rueda Abdominal","abdomen","abdomen","oblicuos","Mapa anatómico exacto y énfasis principal de los músculos de origen.","https://smartworkout.app/es/biblioteca-ejercicios/abdominales/rodamiento-con-rueda-abdominal"
"15f450f0-f4f1-4391-b59e-c79cd37956ac","Puente lateral con mancuernas","abdomen","oblicuos","adductores","Mapa anatómico exacto y énfasis principal de los músculos de origen.","https://smartworkout.app/es/biblioteca-ejercicios/abdominales/puente-lateral-con-mancuernas"
"16c5b229-a90d-73da-ea41-638c0dbd8e57","Abdominales Crunch","abdomen","abdomen","oblicuos","Mapa anatómico exacto y énfasis principal de los músculos de origen.","https://smartworkout.app/es/biblioteca-ejercicios/abdominales/abdominales-crunch"
"18610132-0355-4f53-82e5-73fdd3a4450e","Crunches de Pie con Giro con Banda","abdomen","oblicuos","abdomen","Mapa anatómico exacto y énfasis principal de los músculos de origen.","https://smartworkout.app/es/biblioteca-ejercicios/abdominales/crunches-de-pie-con-giro-con-banda"
"19189e1a-aef2-4924-9e8c-ee84c84ed434","Sujeción de cuerpo hueco","abdomen","abdomen","oblicuos;cuadriceps","Mapa anatómico exacto y énfasis principal de los músculos de origen.","https://smartworkout.app/es/biblioteca-ejercicios/abdominales/sujecion-de-cuerpo-hueco"
"1aebfa21-78be-447d-abc5-366df35d3aef","Crunch con brazo recto y peso","abdomen","abdomen","oblicuos","Mapa anatómico exacto y énfasis principal de los músculos de origen.","https://smartworkout.app/es/biblioteca-ejercicios/abdominales/crunch-con-brazo-recto-y-peso"
"1fac415a-983a-4610-bb36-6c8889314a76","Elevación de Piernas Rectas en Barras Paralelas","abdomen","abdomen","oblicuos;pectoral","Mapa anatómico exacto y énfasis principal de los músculos de origen.","https://smartworkout.app/es/biblioteca-ejercicios/abdominales/elevacion-de-piernas-rectas-en-barras-paralelas"
"265b1439-6005-4282-94f7-ab6f63e0e296","Giro con cable (arriba abajo)","abdomen","oblicuos","abductores;adductores;abdomen;gluteos","Mapa anatómico exacto y énfasis principal de los músculos de origen.","https://smartworkout.app/es/biblioteca-ejercicios/abdominales/giro-con-cable-(arriba-abajo)"
"26f02fe3-fdeb-4e1d-97d4-5c39f4af9c0b","Abdominales alternos sentado","abdomen","abdomen","oblicuos","Mapa anatómico exacto y énfasis principal de los músculos de origen.","https://smartworkout.app/es/biblioteca-ejercicios/abdominales/abdominales-alternos-sentado"
"2a7a20b2-edc3-4565-8bdb-e7f56247ee26","Elevación de Rodillas al Pecho en Suspensión","abdomen","abdomen","adductores;antebrazo;oblicuos","Mapa anatómico exacto y énfasis principal de los músculos de origen.","https://smartworkout.app/es/biblioteca-ejercicios/abdominales/elevacion-de-rodillas-al-pecho-en-suspension"
"2b86d658-a0cb-43ce-b782-77e927d3e72c","Elevaciones de Piernas en Banco Inclinado","abdomen","abdomen","oblicuos","Mapa anatómico exacto y énfasis principal de los músculos de origen.","https://smartworkout.app/es/biblioteca-ejercicios/abdominales/elevaciones-de-piernas-en-banco-inclinado"
"2e5461f9-54c1-426f-a2a5-a8dee9e1b751","Bandera del Dragón","abdomen","abdomen","oblicuos;cuadriceps","Mapa anatómico exacto y énfasis principal de los músculos de origen.","https://smartworkout.app/es/biblioteca-ejercicios/abdominales/bandera-del-dragon"
"2f181b12-c156-48f8-bfb4-efc2ffc650dc","Abdominales con peso","abdomen","abdomen","oblicuos","Mapa anatómico exacto y énfasis principal de los músculos de origen.","https://smartworkout.app/es/biblioteca-ejercicios/abdominales/abdominales-con-peso"
"30e47e2a-3241-4f73-8180-2d02ed3b2557","Bicho Muerto","abdomen","abdomen","oblicuos;adductores","Mapa anatómico exacto y énfasis principal de los músculos de origen.","https://smartworkout.app/es/biblioteca-ejercicios/abdominales/bicho-muerto"
"31e7bf28-4c5d-4833-ae1f-069bcb913bbc","Giro ruso con balón medicinal","abdomen","oblicuos","abdomen","Flexión lateral, rotación o resistencia a la rotación del tronco: oblicuos.","https://smartworkout.app/es/biblioteca-ejercicios/abdominales/giro-ruso-con-balon-medicinal"
"3453606c-f6b9-48b0-ac7e-c98595957a41","Press Pallof con banda","abdomen","oblicuos","abdomen;adductores;pectoral","Flexión lateral, rotación o resistencia a la rotación del tronco: oblicuos.","https://smartworkout.app/es/biblioteca-ejercicios/abdominales/press-pallof-con-banda"
"37fdb10c-13ce-4832-8730-0efc5dbb0eb2","Giro ruso con banda","abdomen","oblicuos","abdomen","Flexión lateral, rotación o resistencia a la rotación del tronco: oblicuos.","https://smartworkout.app/es/biblioteca-ejercicios/abdominales/giro-ruso-con-banda"
"3c0abf43-2156-49b3-b86b-556e1837f59f","Crunches de Pie con Banda","abdomen","abdomen","oblicuos","Mapa anatómico exacto y énfasis principal de los músculos de origen.","https://smartworkout.app/es/biblioteca-ejercicios/abdominales/crunches-de-pie-con-banda"
"412d4c49-4c4f-49c4-9d24-9cdd176000fa","Crunch lateral de rodillas con cable","abdomen","oblicuos","abdomen","Mapa anatómico exacto y énfasis principal de los músculos de origen.","https://smartworkout.app/es/biblioteca-ejercicios/abdominales/crunch-lateral-de-rodillas-con-cable"
"431ad34e-e714-4ef2-9f2f-b629359da2ff","Crunch Abdominal en Máquina","abdomen","abdomen","oblicuos","Mapa anatómico exacto y énfasis principal de los músculos de origen.","https://smartworkout.app/es/biblioteca-ejercicios/abdominales/crunch-abdominal-en-maquina"
"465a9a4a-e854-4dba-be5b-51394c186eeb","Abdominales en bicicleta","abdomen","oblicuos","abdomen","Mapa anatómico exacto y énfasis principal de los músculos de origen.","https://smartworkout.app/es/biblioteca-ejercicios/abdominales/abdominales-en-bicicleta"
"48d72616-f5df-4299-b159-93112687ec01","Tijeras","abdomen","abdomen","cuadriceps","Mapa anatómico exacto y énfasis principal de los músculos de origen.","https://smartworkout.app/es/biblioteca-ejercicios/abdominales/tijeras"
"5170255c-cc48-41b6-9b26-a72669deab44","Prensa Pallof Horizontal en Polea Baja","abdomen","oblicuos","hombros;pectoral;abdomen;adductores","Flexión lateral, rotación o resistencia a la rotación del tronco: oblicuos.","https://smartworkout.app/es/biblioteca-ejercicios/abdominales/prensa-pallof-horizontal-en-polea-baja"
"51e27022-23d5-4196-aa85-a3b2f1c213b4","Rodillas a codos colgando","abdomen","abdomen","oblicuos;antebrazo","Mapa anatómico exacto y énfasis principal de los músculos de origen.","https://smartworkout.app/es/biblioteca-ejercicios/abdominales/rodillas-a-codos-colgando"
"51e5cf00-61bf-4289-bfc9-8551dac4e91c","Dead Bug con Peso","abdomen","abdomen","oblicuos","Mapa anatómico exacto y énfasis principal de los músculos de origen.","https://smartworkout.app/es/biblioteca-ejercicios/abdominales/dead-bug-con-peso"
"5574c68f-61a7-4dd5-beb3-f89fb4c4942f","Crunch con Balón de Estabilidad","abdomen","abdomen","oblicuos","Mapa anatómico exacto y énfasis principal de los músculos de origen.","https://smartworkout.app/es/biblioteca-ejercicios/abdominales/crunch-con-balon-de-estabilidad"
"56e8e606-ddaa-48e9-98b5-1216ddf751ce","Crunch abdominal con banda de rodillas","abdomen","abdomen","oblicuos","Mapa anatómico exacto y énfasis principal de los músculos de origen.","https://smartworkout.app/es/biblioteca-ejercicios/abdominales/crunch-abdominal-con-banda-de-rodillas"
"56f2585b-203d-4be6-9957-c52bcd9e4d73","Giro de Pie con Barra","abdomen","oblicuos","abdomen","Mapa anatómico exacto y énfasis principal de los músculos de origen.","https://smartworkout.app/es/biblioteca-ejercicios/abdominales/giro-de-pie-con-barra"
"57463e1d-1b6c-49c0-afa9-258a626a5b3b","Abdominales","abdomen","abdomen","oblicuos;cuadriceps","Mapa anatómico exacto y énfasis principal de los músculos de origen.","https://smartworkout.app/es/biblioteca-ejercicios/abdominales/abdominales"
"57ffa56b-3279-4b97-b660-5bd91ff26f1f","Elevación de piernas rectas acostado","abdomen","abdomen","oblicuos;cuadriceps;adductores","Mapa anatómico exacto y énfasis principal de los músculos de origen.","https://smartworkout.app/es/biblioteca-ejercicios/abdominales/elevacion-de-piernas-rectas-acostado"
"591883dc-8fce-4307-a13c-a767d15dcab8","Crunch en máquina acostado","abdomen","abdomen","oblicuos","Mapa anatómico exacto y énfasis principal de los músculos de origen.","https://smartworkout.app/es/biblioteca-ejercicios/abdominales/crunch-en-maquina-acostado"
"5bf96492-da9d-4c59-a664-61f5091dae04","Elevación de cadera en anillas","abdomen","abdomen","cuadriceps;adductores;dorsales;oblicuos","Mapa anatómico exacto y énfasis principal de los músculos de origen.","https://smartworkout.app/es/biblioteca-ejercicios/abdominales/elevacion-de-cadera-en-anillas"
"5c3a0532-fe85-4225-8791-64b252bd4d40","Bicho muerto con balón","abdomen","abdomen","oblicuos;adductores","Mapa anatómico exacto y énfasis principal de los músculos de origen.","https://smartworkout.app/es/biblioteca-ejercicios/abdominales/bicho-muerto-con-balon"
"5cd1538c-cc1e-8446-a4eb-70f868eb0005","Plancha","abdomen","abdomen","oblicuos;gluteos;hombros;cuadriceps;triceps;pantorrillas","Mapa anatómico exacto y énfasis principal de los músculos de origen.","https://smartworkout.app/es/biblioteca-ejercicios/abdominales/plancha"
"618813bd-86d3-4bed-9881-5d03342d37ae","Abdominales Circulares Inversos Sentados","abdomen","abdomen","oblicuos;adductores","Mapa anatómico exacto y énfasis principal de los músculos de origen.","https://smartworkout.app/es/biblioteca-ejercicios/abdominales/abdominales-circulares-inversos-sentados"
"67fa769c-8cc6-497a-b27e-5355bc085b3c","Elevación en V","abdomen","abdomen","oblicuos","Mapa anatómico exacto y énfasis principal de los músculos de origen.","https://smartworkout.app/es/biblioteca-ejercicios/abdominales/elevacion-en-v"
"684999fc-af89-42cf-b915-97599db440b7","Giro con banda (horizontal)","abdomen","oblicuos","abdomen","Mapa anatómico exacto y énfasis principal de los músculos de origen.","https://smartworkout.app/es/biblioteca-ejercicios/abdominales/giro-con-banda-(horizontal)"
"6ecd75f3-0bf2-457e-a994-63b52cea84ce","Crunch en V","abdomen","abdomen","oblicuos;cuadriceps","Mapa anatómico exacto y énfasis principal de los músculos de origen.","https://smartworkout.app/es/biblioteca-ejercicios/abdominales/crunch-en-v"
"6f6e176e-fe86-4e95-be39-55fb09d9fb5a","Dedos a la Barra","abdomen","abdomen","oblicuos;antebrazo","Mapa anatómico exacto y énfasis principal de los músculos de origen.","https://smartworkout.app/es/biblioteca-ejercicios/abdominales/dedos-a-la-barra"
"7292151f-5551-45bd-a5ca-512ce6ca2683","Bicicleta de Aire de Pie","abdomen","abdomen","oblicuos","Ejercicio de core sin bicicleta; conservar oblicuos secundarios.","https://smartworkout.app/es/biblioteca-ejercicios/abdominales/bicicleta-de-aire-de-pie"
"73240447-5323-4b6d-99ce-cffbffb19a07","Plancha con Peso","abdomen","abdomen","oblicuos;gluteos;hombros;cuadriceps;triceps;pantorrillas","Mapa anatómico exacto y énfasis principal de los músculos de origen.","https://smartworkout.app/es/biblioteca-ejercicios/abdominales/plancha-con-peso"
"7359f05e-8b81-449d-a741-8a1199116860","Bicicleta de aire","abdomen","oblicuos","abdomen","Mapa anatómico exacto y énfasis principal de los músculos de origen.","https://smartworkout.app/es/biblioteca-ejercicios/abdominales/bicicleta-de-aire"
"741a7466-96b2-4538-af13-15f45eed1ab7","Escalador de montaña","abdomen","abdomen","oblicuos;cuadriceps;abductores;gluteos;isquiotibiales;lumbares","Mapa anatómico exacto y énfasis principal de los músculos de origen.","https://smartworkout.app/es/biblioteca-ejercicios/abdominales/escalador-de-montana"
"765217dc-7f1f-4c1e-b4d3-2c195d7a696c","Elevaciones de Piernas Rectas en Silla Romana","abdomen","abdomen","oblicuos;cuadriceps","Mapa anatómico exacto y énfasis principal de los músculos de origen.","https://smartworkout.app/es/biblioteca-ejercicios/abdominales/elevaciones-de-piernas-rectas-en-silla-romana"
"76623fa9-5a18-4819-8412-a286f0846ae2","Abdominales inclinados con giro","abdomen","oblicuos","abdomen","Mapa anatómico exacto y énfasis principal de los músculos de origen.","https://smartworkout.app/es/biblioteca-ejercicios/abdominales/abdominales-inclinados-con-giro"
"78f3c17f-0146-4bf6-a8f1-a45843f99ba3","Postura de la Vela","abdomen","abdomen","oblicuos","Mapa anatómico exacto y énfasis principal de los músculos de origen.","https://smartworkout.app/es/biblioteca-ejercicios/abdominales/postura-de-la-vela"
"79b4b650-53d9-4e87-8bd8-7143d3f7802d","Círculos de Rodillas Colgantes","abdomen","oblicuos","abdomen;antebrazo","Mapa anatómico exacto y énfasis principal de los músculos de origen.","https://smartworkout.app/es/biblioteca-ejercicios/abdominales/circulos-de-rodillas-colgantes"
"7d9e0403-7208-47e8-9488-b1bc85cb9bce","Crunch de Rana","abdomen","abdomen","oblicuos","Mapa anatómico exacto y énfasis principal de los músculos de origen.","https://smartworkout.app/es/biblioteca-ejercicios/abdominales/crunch-de-rana"
"806178d3-cc6d-4295-8263-a21ea9be34b7","Elevación de Piernas Colgando a la Barra","abdomen","abdomen","oblicuos","Mapa anatómico exacto y énfasis principal de los músculos de origen.","https://smartworkout.app/es/biblioteca-ejercicios/abdominales/elevacion-de-piernas-colgando-a-la-barra"
"88d01eae-b72c-4649-8178-0be9633ec6d2","Elevación de Piernas Rectas Colgado","abdomen","abdomen","oblicuos;antebrazo","Mapa anatómico exacto y énfasis principal de los músculos de origen.","https://smartworkout.app/es/biblioteca-ejercicios/abdominales/elevacion-de-piernas-rectas-colgado"
"8929de5f-b029-4ffd-a773-744cfc6ef113","Corte de leña con banda de alta a baja","abdomen","oblicuos","adductores;abdomen","Flexión lateral, rotación o resistencia a la rotación del tronco: oblicuos.","https://smartworkout.app/es/biblioteca-ejercicios/abdominales/corte-de-lena-con-banda-de-alta-a-baja"
"8a8beda5-c97c-4dad-b6c3-0d559584325d","Postura del Cangrejo","abdomen","abdomen","oblicuos","Mapa anatómico exacto y énfasis principal de los músculos de origen.","https://smartworkout.app/es/biblioteca-ejercicios/abdominales/postura-del-cangrejo"
"8ab5f69f-e824-4fcf-9357-4e08c225d060","Corte en Medio Arrodillado con Banda","abdomen","oblicuos","dorsales;abdomen;hombros","Mapa anatómico exacto y énfasis principal de los músculos de origen.","https://smartworkout.app/es/biblioteca-ejercicios/abdominales/corte-en-medio-arrodillado-con-banda"
"8ea0e1cc-2f71-4868-a6eb-9a475f0ea8ae","Sujeción de Cuerpo Hueco con Peso","abdomen","abdomen","oblicuos","Sujeción abdominal: recto abdominal; oblicuos secundarios.","https://smartworkout.app/es/biblioteca-ejercicios/abdominales/sujecion-de-cuerpo-hueco-con-peso"
"8eeb3700-043a-401e-969e-f9d735aba6ed","Elevación de Rodillas en Ab Coaster","abdomen","abdomen","oblicuos","Mapa anatómico exacto y énfasis principal de los músculos de origen.","https://smartworkout.app/es/biblioteca-ejercicios/abdominales/elevacion-de-rodillas-en-ab-coaster"
"8f86a994-5d86-423c-a395-55122f54de34","Rotación de tronco en máquina sentado","abdomen","oblicuos","abdomen","Mapa anatómico exacto y énfasis principal de los músculos de origen.","https://smartworkout.app/es/biblioteca-ejercicios/abdominales/rotacion-de-tronco-en-maquina-sentado"
"91bdce20-29e2-40df-9aa3-7b16adb396d7","Elevación de Piernas Sentado","abdomen","abdomen","oblicuos","Mapa anatómico exacto y énfasis principal de los músculos de origen.","https://smartworkout.app/es/biblioteca-ejercicios/abdominales/elevacion-de-piernas-sentado"
"9a2d3693-68bc-4d44-852a-fbe16337f521","Crunch Lateral","abdomen","oblicuos","abdomen","Mapa anatómico exacto y énfasis principal de los músculos de origen.","https://smartworkout.app/es/biblioteca-ejercicios/abdominales/crunch-lateral"
"9c4894a4-9d5b-416e-8718-f957823c0ac0","V-Ups en Suspensión","abdomen","abdomen","cuadriceps;oblicuos","Mapa anatómico exacto y énfasis principal de los músculos de origen.","https://smartworkout.app/es/biblioteca-ejercicios/abdominales/v-ups-en-suspension"
"9e5c1465-5ec1-40c0-8b50-2dd531666b82","Abdominales Invertidos","abdomen","abdomen","oblicuos","Mapa anatómico exacto y énfasis principal de los músculos de origen.","https://smartworkout.app/es/biblioteca-ejercicios/abdominales/abdominales-invertidos"
"9f9a7752-0ad7-44e9-a025-d68e9ac1a419","Inclinación Lateral de Pie con Mancuerna","abdomen","oblicuos","","Mapa anatómico exacto y énfasis principal de los músculos de origen.","https://smartworkout.app/es/biblioteca-ejercicios/abdominales/inclinacion-lateral-de-pie-con-mancuerna"
"a2cad050-a2b9-46e2-bdae-6198b1aaec21","Toques de dedos","abdomen","abdomen","oblicuos;gluteos;abductores;cuadriceps;hombros","Mapa anatómico exacto y énfasis principal de los músculos de origen.","https://smartworkout.app/es/biblioteca-ejercicios/abdominales/toques-de-dedos"
"a3da9e1f-b976-4458-92f4-4af1264793fa","Giro ruso con mancuerna","abdomen","oblicuos","abdomen","Flexión lateral, rotación o resistencia a la rotación del tronco: oblicuos.","https://smartworkout.app/es/biblioteca-ejercicios/abdominales/giro-ruso-con-mancuerna"
"a65c12ab-688e-47bf-966c-994dcc71ec89","Molino de viento colgado a la mitad","abdomen","oblicuos","abdomen;antebrazo","Mapa anatómico exacto y énfasis principal de los músculos de origen.","https://smartworkout.app/es/biblioteca-ejercicios/abdominales/molino-de-viento-colgado-a-la-mitad"
"a7384dbe-5d12-4cae-ac06-e479c71e855b","Perro Hacia Arriba","abdomen","abdomen","oblicuos","Mapa anatómico exacto y énfasis principal de los músculos de origen.","https://smartworkout.app/es/biblioteca-ejercicios/abdominales/perro-hacia-arriba"
"a741580c-cf0a-49d6-a30d-5ee70ad9be0c","Giro ruso con peso","abdomen","oblicuos","abdomen","Flexión lateral, rotación o resistencia a la rotación del tronco: oblicuos.","https://smartworkout.app/es/biblioteca-ejercicios/abdominales/giro-ruso-con-peso"
"a8c695a1-a954-4b58-8924-ab0689b255c1","Patada de aleteo sentado","abdomen","abdomen","oblicuos","Mapa anatómico exacto y énfasis principal de los músculos de origen.","https://smartworkout.app/es/biblioteca-ejercicios/abdominales/patada-de-aleteo-sentado"
"aaed90b1-e560-4b16-8011-494f75522f3a","Plancha lateral","abdomen","oblicuos","abdomen","Flexión lateral, rotación o resistencia a la rotación del tronco: oblicuos.","https://smartworkout.app/es/biblioteca-ejercicios/abdominales/plancha-lateral"
"ad8cbff5-7fab-47f9-8332-447ef6785681","Plancha con Balón Suizo","abdomen","abdomen","oblicuos","Mapa anatómico exacto y énfasis principal de los músculos de origen.","https://smartworkout.app/es/biblioteca-ejercicios/abdominales/plancha-con-balon-suizo"
"afe0d300-093b-44d2-b258-0d2a431954e4","Plancha Serrucho","abdomen","abdomen","gluteos;oblicuos;hombros;cuadriceps;triceps;pantorrillas","Estabilidad abdominal durante movimiento de plancha; glúteos secundarios.","https://smartworkout.app/es/biblioteca-ejercicios/abdominales/plancha-serrucho"
"b2e609bf-d783-4f44-8213-de75f13eb878","Crunch Abdominal de Pie con Cable","abdomen","abdomen","oblicuos","Mapa anatómico exacto y énfasis principal de los músculos de origen.","https://smartworkout.app/es/biblioteca-ejercicios/abdominales/crunch-abdominal-de-pie-con-cable"
"b445a407-9f2f-477b-afa6-9be25ecefc35","Desplazamiento con Barra - De Rodillas","abdomen","abdomen","oblicuos;cuadriceps","Mapa anatómico exacto y énfasis principal de los músculos de origen.","https://smartworkout.app/es/biblioteca-ejercicios/abdominales/desplazamiento-con-barra---de-rodillas"
"b8bf5d99-8df7-4eb8-aa9d-8bac39d070b7","Rotación ascendente","abdomen","abdomen","oblicuos","Mapa anatómico exacto y énfasis principal de los músculos de origen.","https://smartworkout.app/es/biblioteca-ejercicios/abdominales/rotacion-ascendente"
"ba4ae8e2-33f7-4d56-a37a-a2498b85e605","Crunch Giratorio de Rodillas con Banda","abdomen","abdomen","oblicuos","Mapa anatómico exacto y énfasis principal de los músculos de origen.","https://smartworkout.app/es/biblioteca-ejercicios/abdominales/crunch-giratorio-de-rodillas-con-banda"
"bb9968cb-20e4-47bd-8f4b-4991ca622fc7","Plancha de oso","abdomen","abdomen","oblicuos;cuadriceps;gluteos;isquiotibiales","Mapa anatómico exacto y énfasis principal de los músculos de origen.","https://smartworkout.app/es/biblioteca-ejercicios/abdominales/plancha-de-oso"
"c088bc9d-94ff-46ef-9f61-110a605c49d9","Torsión Espinal Supina","abdomen","oblicuos","abdomen;abductores;gluteos","Mapa anatómico exacto y énfasis principal de los músculos de origen.","https://smartworkout.app/es/biblioteca-ejercicios/abdominales/torsion-espinal-supina"
"c7b3f81d-816a-4a45-a2e4-c819f4da0ea8","Abdominales Janda","abdomen","abdomen","oblicuos","Mapa anatómico exacto y énfasis principal de los músculos de origen.","https://smartworkout.app/es/biblioteca-ejercicios/abdominales/abdominales-janda"
"c7c5b6a3-7410-4ea8-9b96-98e9c00e7d46","Giro ruso de pie","abdomen","oblicuos","abdomen","Flexión lateral, rotación o resistencia a la rotación del tronco: oblicuos.","https://smartworkout.app/es/biblioteca-ejercicios/abdominales/giro-ruso-de-pie"
"c8837562-afba-4d90-b0bb-31b0b17a0a7d","TRX Perro de caza a una pierna","abdomen","abdomen","cuadriceps;pantorrillas;oblicuos;hombros;trapecio;pectoral;gluteos;lumbares;triceps;abductores;isquiotibiales","Mapa anatómico exacto y énfasis principal de los músculos de origen.","https://smartworkout.app/es/biblioteca-ejercicios/abdominales/trx-perro-de-caza-a-una-pierna"
"ca246429-a81b-4377-a492-231b6ca8ec61","Vacío Abdominal","abdomen","abdomen","","Mapa anatómico exacto y énfasis principal de los músculos de origen.","https://smartworkout.app/es/biblioteca-ejercicios/abdominales/vacio-abdominal"
"cb4adf67-8fc7-4fee-b077-0971132d0c9a","Crunch Abdominal Sentado en Polea","abdomen","abdomen","oblicuos","Mapa anatómico exacto y énfasis principal de los músculos de origen.","https://smartworkout.app/es/biblioteca-ejercicios/abdominales/crunch-abdominal-sentado-en-polea"
"cebcd0b9-f4ec-483e-b2cf-f759efd759f4","Elevación de Piernas Colgando con Peso","abdomen","abdomen","oblicuos","Mapa anatómico exacto y énfasis principal de los músculos de origen.","https://smartworkout.app/es/biblioteca-ejercicios/abdominales/elevacion-de-piernas-colgando-con-peso"
"cfddb90c-e434-43a8-8b05-d8556431d7f1","Codo a rodilla del lado opuesto","abdomen","oblicuos","abdomen;gluteos;cuadriceps;abductores","Mapa anatómico exacto y énfasis principal de los músculos de origen.","https://smartworkout.app/es/biblioteca-ejercicios/abdominales/codo-a-rodilla-del-lado-opuesto"
"d0e78959-c1de-400c-a7fb-44c1015d5013","Prensa Pallof Horizontal con Cable","abdomen","oblicuos","abdomen;hombros;pectoral;adductores","Flexión lateral, rotación o resistencia a la rotación del tronco: oblicuos.","https://smartworkout.app/es/biblioteca-ejercicios/abdominales/prensa-pallof-horizontal-con-cable"
"d0f8718c-b950-4960-80a5-cc057c225b84","Giro con barra en tierra","abdomen","oblicuos","hombros;abdomen;antebrazo","Mapa anatómico exacto y énfasis principal de los músculos de origen.","https://smartworkout.app/es/biblioteca-ejercicios/abdominales/giro-con-barra-en-tierra"
"d4ef05f4-fe04-46e3-bb14-d060df537e28","Crunches de Bicicleta con Banda","abdomen","oblicuos","abdomen","Mapa anatómico exacto y énfasis principal de los músculos de origen.","https://smartworkout.app/es/biblioteca-ejercicios/abdominales/crunches-de-bicicleta-con-banda"
"d53971e5-7438-4a9e-b041-0158b3142546","Elevación de rodillas oblicuas colgado","abdomen","oblicuos","abdomen","Flexión lateral, rotación o resistencia a la rotación del tronco: oblicuos.","https://smartworkout.app/es/biblioteca-ejercicios/abdominales/elevacion-de-rodillas-oblicuas-colgado"
"e7708c1b-2f41-4e99-b4c4-6f79f4c5fa1f","Toques de Tobillo","abdomen","oblicuos","abdomen","Mapa anatómico exacto y énfasis principal de los músculos de origen.","https://smartworkout.app/es/biblioteca-ejercicios/abdominales/toques-de-tobillo"
"e7f0998f-1ff9-4182-9063-6fea7af17f67","Gato-Vaca","abdomen","abdomen","lumbares;trapecio","Mapa anatómico exacto y énfasis principal de los músculos de origen.","https://smartworkout.app/es/biblioteca-ejercicios/abdominales/gato-vaca"
"e9cd8dfe-d2be-42be-b259-d1d3fc671aa9","Elevaciones de rodillas colgado","abdomen","abdomen","","Mapa anatómico exacto y énfasis principal de los músculos de origen.","https://smartworkout.app/es/biblioteca-ejercicios/abdominales/elevaciones-de-rodillas-colgado"
"ef7a226a-8ebe-4ed3-b712-33a548503195","Crunch abdominal con cable de rodillas","abdomen","abdomen","oblicuos","Mapa anatómico exacto y énfasis principal de los músculos de origen.","https://smartworkout.app/es/biblioteca-ejercicios/abdominales/crunch-abdominal-con-cable-de-rodillas"
"efda77ce-3d93-4efb-a581-cb8f7bc0df95","Abdominales en Banco Declinado","abdomen","abdomen","oblicuos","Mapa anatómico exacto y énfasis principal de los músculos de origen.","https://smartworkout.app/es/biblioteca-ejercicios/abdominales/abdominales-en-banco-declinado"
"f840c38e-9b55-493d-9350-eab5a6d67483","Giro Ruso con Barra","abdomen","oblicuos","abdomen","Mapa anatómico exacto y énfasis principal de los músculos de origen.","https://smartworkout.app/es/biblioteca-ejercicios/abdominales/giro-ruso-con-barra"
"f8bff329-d28e-4a8a-b495-184fe80c7368","Elevaciones de Rodillas en Silla del Capitán","abdomen","abdomen","oblicuos","Mapa anatómico exacto y énfasis principal de los músculos de origen.","https://smartworkout.app/es/biblioteca-ejercicios/abdominales/elevaciones-de-rodillas-en-silla-del-capitan"
